Date,NO2 (ppb)
2017/06/14,11.08
2017/06/13,9.2
2017/06/12,12.38
2017/06/09,13.48
2017/06/05,17.27
2017/06/04,8.96
2017/06/03,10.36
2017/06/02,6.04
2017/06/01,12.06
2017/05/31,12.46
2017/05/30,10.48
2017/05/29,19.21
2017/05/28,20.15
2017/05/27,25.26
2017/05/26,25.7
2017/05/25,17.38
2017/05/24,11.22
2017/05/23,12.54
2017/05/22,17.47
2017/05/21,15.44
2017/05/20,15.08
2017/05/19,22.51
2017/05/18,24.45
2017/05/17,19.07
2017/05/16,19.62
2017/05/15,15.94
2017/05/14,15.7
2017/05/13,12.96
2017/05/12,15.7
2017/05/11,20.59
2017/05/10,19.36
2017/05/09,13.21
2017/05/08,15.53
2017/05/06,16.96
2017/05/05,15.91
2017/05/04,14.65
2017/05/03,21.49
2017/05/02,27.03
2017/05/01,21.37
2017/04/30,23.34
2017/04/29,21.87
2017/04/28,18
2017/04/27,18.43
2017/04/26,20.96
2017/04/25,30.7
2017/04/24,22.93
2017/04/23,18.7
2017/04/22,17.74
2017/04/21,11.48
2017/04/20,14.63
2017/04/19,12.52
2017/04/18,13.26
2017/04/17,13.43
2017/04/16,17.05
2017/04/15,21.8
2017/04/14,35.94
2017/04/13,32.17
2017/04/12,21.49
2017/04/11,19.05
2017/04/10,9.69
2017/04/09,12.44
2017/04/08,13.74
2017/04/07,23.89
2017/04/06,24.66
2017/04/05,19.39
2017/04/04,15.36
2017/04/03,21.43
2017/04/02,19.65
2017/04/01,15.46
2017/03/31,16.47
2017/03/30,28.14
2017/03/29,20.01
2017/03/28,24.53
2017/03/27,27.29
2017/03/26,20.17
2017/03/25,16.88
2017/03/24,26.99
2017/03/23,20.9
2017/03/22,18.97
2017/03/21,20.47
2017/03/20,21.65
2017/03/19,23.36
2017/03/18,27.44
2017/03/17,26.62
2017/03/16,30.73
2017/03/15,24.36
2017/03/14,16.28
2017/03/13,17.62
2017/03/12,15.69
2017/03/11,18.38
2017/03/10,25.72
2017/03/09,36.29
2017/03/08,31.43
2017/03/07,25.5
2017/03/06,15.91
2017/03/05,16.12
2017/03/04,31.45
2017/03/03,35.97
2017/03/02,23.65
2017/03/01,25.1
2017/02/28,25.9
2017/02/27,20.76
2017/02/26,13.12
2017/02/25,20.45
2017/02/24,20.95
2017/02/23,23.96
2017/02/22,23.92
2017/02/21,22.05
2017/02/20,26.6
2017/02/19,21.88
2017/02/18,24.9
2017/02/17,27.06
2017/02/16,31.49
2017/02/15,27.36
2017/02/14,29.41
2017/02/13,26.33
2017/02/12,18.95
2017/02/11,14.22
2017/02/10,14.96
2017/02/09,11.57
2017/02/08,25.52
2017/02/07,27.44
2017/02/06,18.53
2017/02/05,23.96
2017/02/04,24.4
2017/02/03,20.34
2017/02/02,14.61
2017/02/01,10.97
2017/01/31,14.09
2017/01/30,13.76
2017/01/29,15.12
2017/01/28,16.64
2017/01/27,20.64
2017/01/26,19.15
2017/01/25,0
2017/01/24,25.94
2017/01/23,25.39
2017/01/22,16.85
2017/01/21,17.65
2017/01/20,15.67
2017/01/19,23.12
2017/01/18,22.06
2017/01/17,24.59
2017/01/16,21.66
2017/01/15,16.22
2017/01/14,17.65
2017/01/13,23.15
2017/01/12,23.36
2017/01/11,29.19
2017/01/10,25.38
2017/01/09,21.05
2017/01/08,20.8
2017/01/07,26.9
2017/01/06,23.74
2017/01/05,27.4
2017/01/04,26.35
2017/01/03,25.34
2017/01/02,19.99
2017/01/01,20.95
2016/12/31,25.02
2016/12/30,28.29
2016/12/29,14.11
2016/12/28,20.65
2016/12/27,16.9
2016/12/26,21.77
2016/12/25,24.88
2016/12/24,32.2
2016/12/23,24.04
2016/12/22,19.9
2016/12/21,25.16
2016/12/20,37.83
2016/12/19,29.88
2016/12/18,24.97
2016/12/17,30.52
2016/12/16,17.26
2016/12/15,13.3
2016/12/14,17.39
2016/12/13,28.92
2016/12/12,24.63
2016/12/11,23.45
2016/12/10,25.82
2016/12/09,23.2
2016/12/08,22.37
2016/12/07,0
2016/12/06,17.21
2016/12/05,25.41
2016/12/02,18.61
2016/11/29,31.94
2016/11/27,15.75
2016/11/26,16.35
2016/11/25,24.52
2016/11/24,17.99
2016/11/23,20.46
2016/11/22,21.57
2016/11/21,19.1
2016/11/20,20.32
2016/11/19,23.74
2016/11/18,28.33
2016/11/17,27.64
2016/11/16,24.87
2016/11/15,26.19
2016/11/14,28.25
2016/11/13,21.53
2016/11/12,26.44
2016/11/11,29.4
2016/11/10,22.02
2016/11/09,15.38
2016/11/08,16.98
2016/11/07,18.59
2016/11/06,19.99
2016/11/05,19.06
2016/11/04,27
2016/11/03,18.31
2016/11/02,10.48
2016/11/01,12.31
2016/10/31,17.63
2016/10/30,13.15
2016/10/29,13.2
2016/10/28,22.07
2016/10/27,22.18
2016/10/26,22.41
2016/10/25,21.51
2016/10/24,21.28
2016/10/23,11.42
2016/10/22,10.39
2016/10/21,19.33
2016/10/19,23.98
2016/10/18,21.33
2016/10/17,17.26
2016/10/16,14.98
2016/10/15,19.68
2016/10/14,19.49
2016/10/13,16.73
2016/10/12,16.32
2016/10/11,14.44
2016/10/10,11.31
2016/10/09,10.98
2016/10/08,11.91
2016/10/07,15.55
2016/10/06,17.2
2016/10/05,21.15
2016/10/04,20
2016/10/03,15.97
2016/10/02,12.73
2016/10/01,11.63
2016/09/30,12.58
2016/09/29,16.4
2016/09/28,10.02
2016/09/27,3.44
2016/09/26,12.56
2016/09/25,16.54
2016/09/24,19.99
2016/09/23,19.26
2016/09/22,18.87
2016/09/21,20.17
2016/09/20,16.59
2016/09/19,16.54
2016/09/18,9.65
2016/09/17,10.85
2016/09/16,8.83
2016/09/15,10.28
2016/09/14,14.08
2016/09/13,12.17
2016/09/12,11.26
2016/09/11,10.82
2016/09/10,11.86
2016/09/09,11.89
2016/09/08,11.93
2016/09/07,9.04
2016/09/06,10.23
2016/09/05,11.7
2016/09/04,12.45
2016/09/03,16.7
2016/09/02,12.87
2016/09/01,12.11
2016/08/31,15.77
2016/08/30,16.09
2016/08/29,16.16
2016/08/28,11.85
2016/08/26,15.52
2016/08/25,14.41
2016/08/24,10.78
2016/08/23,10.47
2016/08/22,13.53
2016/08/21,8.06
2016/08/20,8.6
2016/08/19,12.94
2016/08/18,10.91
2016/08/17,11.38
2016/08/16,12.57
2016/08/15,14.32
2016/08/14,9.16
2016/08/13,14.12
2016/08/12,13.79
2016/08/11,11.43
2016/08/10,14.51
2016/08/09,11.2
2016/08/08,9.48
2016/08/07,9.2
2016/08/06,13.38
2016/08/05,14.13
2016/08/04,15.32
2016/08/03,10.31
2016/08/02,15.27
2016/08/01,13.47
2016/07/31,9.84
2016/07/30,10.39
2016/07/27,10.58
2016/07/26,13.27
2016/07/25,14.32
2016/07/24,9.9
2016/07/23,9.54
2016/07/22,11.66
2016/07/21,10.78
2016/07/20,9.55
2016/07/19,9.4
2016/07/18,8.81
2016/07/17,6.41
2016/07/16,7.53
2016/07/15,6.63
2016/07/14,8.14
2016/07/13,0
2016/07/13,7.42
2016/07/12,0
2016/07/12,7.71
2016/07/11,9.05
2016/07/11,0
2016/07/10,7.21
2016/07/10,0
2016/07/09,8.81
2016/07/09,0
2016/07/08,10.21
2016/07/08,0
2016/07/07,13.72
2016/07/07,0
2016/07/06,13.46
2016/07/06,0
2016/07/05,0
2016/07/05,9.99
2016/07/04,0
2016/07/04,9.46
2016/07/03,8.8
2016/07/03,0
2016/07/02,11.13
2016/07/02,0
2016/07/01,0
2016/07/01,11.48
2016/06/30,0
2016/06/30,12.35
2016/06/29,0
2016/06/29,10.08
2016/06/28,0
2016/06/28,11.28
2016/06/27,0
2016/06/27,10.36
2016/06/26,0
2016/06/26,9.56
2016/06/25,7.86
2016/06/25,0
2016/06/24,10.68
2016/06/24,0
2016/06/23,0
2016/06/23,11.75
2016/06/22,0
2016/06/22,8.97
2016/06/21,0
2016/06/21,10.14
2016/06/20,12.69
2016/06/20,0
2016/06/19,8.2
2016/06/19,0
2016/06/18,10.13
2016/06/18,0
2016/06/17,0
2016/06/17,8.97
2016/06/16,8.04
2016/06/16,0
2016/06/15,0
2016/06/15,8.83
2016/06/14,0
2016/06/14,13.68
2016/06/13,0
2016/06/13,12.27
2016/06/12,8.99
2016/06/12,0
2016/06/11,0
2016/06/11,10.69
2016/06/10,10.51
2016/06/10,0
2016/06/09,0
2016/06/09,10.62
2016/06/08,14.11
2016/06/08,0
2016/06/07,0
2016/06/07,14.1
2016/06/06,15.93
2016/06/06,0
2016/06/05,0
2016/06/05,9.75
2016/06/04,0
2016/06/04,9.07
2016/06/03,9.17
2016/06/03,0
2016/06/02,0
2016/06/02,8.47
2016/06/01,0
2016/06/01,7.53
2016/05/31,0
2016/05/31,9.17
2016/05/30,0
2016/05/30,9.09
2016/05/29,0
2016/05/29,7.15
2016/05/28,0
2016/05/28,8.22
2016/05/27,10.94
2016/05/27,0
2016/05/26,0
2016/05/26,18.12
2016/05/25,19.62
2016/05/25,0
2016/05/24,14.6
2016/05/24,0
2016/05/23,0
2016/05/23,15.81
2016/05/22,0
2016/05/22,13.66
2016/05/21,0
2016/05/21,26.97
2016/05/20,26.96
2016/05/20,0
2016/05/19,0
2016/05/19,21.06
2016/05/18,0
2016/05/18,18.96
2016/05/17,21.1
2016/05/17,0
2016/05/16,15.88
2016/05/16,0
2016/05/15,12.89
2016/05/15,0
2016/05/14,12.05
2016/05/14,0
2016/05/13,16.43
2016/05/13,0
2016/05/12,25.72
2016/05/12,0
2016/05/11,20.99
2016/05/11,0
2016/05/10,12.76
2016/05/10,0
2016/05/09,13.93
2016/05/09,0
2016/05/08,12.48
2016/05/08,0
2016/05/07,0
2016/05/07,14.53
2016/05/06,0
2016/05/06,13.83
2016/05/05,12.81
2016/05/05,0
2016/05/04,16.32
2016/05/04,0
2016/05/03,11.7
2016/05/03,0
2016/05/02,0
2016/05/02,14.47
2016/05/01,0
2016/05/01,15.5
2016/04/30,0
2016/04/29,23.76
2016/04/29,0
2016/04/28,0
2016/04/28,16.86
2016/04/27,0
2016/04/27,13.32
2016/04/26,0
2016/04/26,15.41
2016/04/25,24.92
2016/04/25,0
2016/04/24,13.73
2016/04/24,0
2016/04/23,0
2016/04/23,14.13
2016/04/22,13.43
2016/04/22,0
2016/04/21,16.45
2016/04/21,0
2016/04/20,26.16
2016/04/20,0
2016/04/19,20.83
2016/04/19,0
2016/04/18,19.87
2016/04/18,0
2016/04/17,0
2016/04/17,12.27
2016/04/16,0
2016/04/16,16.51
2016/04/15,31.11
2016/04/15,0
2016/04/14,26.24
2016/04/14,0
2016/04/13,0
2016/04/13,22.88
2016/04/12,20.96
2016/04/12,0
2016/04/11,0
2016/04/11,22.78
2016/04/10,0
2016/04/10,13.23
2016/04/09,0
2016/04/09,19.26
2016/04/08,0
2016/04/08,19.68
2016/04/07,14.57
2016/04/06,15.63
2016/04/05,21.33
2016/04/05,0
2016/04/04,0
2016/04/04,14.82
2016/04/03,0
2016/04/03,14.11
2016/04/02,23.13
2016/04/02,0
2016/04/01,0
2016/04/01,35.36
2016/03/31,0
2016/03/31,28.6
2016/03/30,29.66
2016/03/30,0
2016/03/29,0
2016/03/29,29.85
2016/03/28,0
2016/03/28,22.47
2016/03/27,17.34
2016/03/27,0
2016/03/26,0
2016/03/26,20.1
2016/03/25,21.74
2016/03/25,0
2016/03/24,0
2016/03/24,17.71
2016/03/23,28.93
2016/03/23,0
2016/03/22,0
2016/03/22,30.28
2016/03/21,0
2016/03/21,28.43
2016/03/20,0
2016/03/20,24.79
2016/03/19,24.73
2016/03/19,0
2016/03/18,30.46
2016/03/18,0
2016/03/17,0
2016/03/17,39.22
2016/03/16,35.36
2016/03/15,36.21
2016/03/15,0
2016/03/14,19.16
2016/03/14,0
2016/03/13,26.47
2016/03/12,0
2016/03/12,32.48
2016/03/11,0
2016/03/11,26.72
2016/03/10,19.15
2016/03/10,0
2016/03/09,0
2016/03/09,22.17
2016/03/08,0
2016/03/08,21.3
2016/03/07,28.34
2016/03/07,0
2016/03/06,0
2016/03/06,23.02
2016/03/05,0
2016/03/05,25.79
2016/03/04,29.09
2016/03/04,0
2016/03/03,31.3
2016/03/03,0
2016/03/02,0
2016/03/02,27.46
2016/03/01,0
2016/03/01,27.1
2016/02/29,0
2016/02/29,20.23
2016/02/28,0
2016/02/28,22.61
2016/02/27,25.62
2016/02/27,0
2016/02/26,0
2016/02/26,33
2016/02/25,29.53
2016/02/25,0
2016/02/24,0
2016/02/24,17.02
2016/02/23,18.9
2016/02/23,0
2016/02/22,0
2016/02/22,33.04
2016/02/21,0
2016/02/21,30.41
2016/02/20,18.13
2016/02/20,0
2016/02/19,30.68
2016/02/19,0
2016/02/18,33.38
2016/02/18,0
2016/02/17,0
2016/02/17,32.76
2016/02/16,25.89
2016/02/16,0
2016/02/15,14.2
2016/02/15,0
2016/02/14,12.9
2016/02/14,0
2016/02/13,12.24
2016/02/13,0
2016/02/12,15.57
2016/02/12,0
2016/02/11,22.27
2016/02/11,0
2016/02/10,29.65
2016/02/10,0
2016/02/09,0
2016/02/09,20.03
2016/02/08,0
2016/02/08,20.26
2016/02/07,12.82
2016/02/07,0
2016/02/06,0
2016/02/06,13.02
2016/02/05,0
2016/02/05,13.97
2016/02/04,0
2016/02/04,24.05
2016/02/03,0
2016/02/03,22.81
2016/02/02,16.95
2016/02/02,0
2016/02/01,0
2016/01/31,0
2016/01/30,0
2016/01/30,0
2016/01/29,28.9
2016/01/29,0
2016/01/28,31.22
2016/01/28,0
2016/01/27,0
2016/01/27,37.71
2016/01/26,30.37
2016/01/26,0
2016/01/25,14.19
2016/01/25,0
2016/01/24,0
2016/01/24,9.37
2016/01/23,0
2016/01/23,13.72
2016/01/22,23.36
2016/01/22,0
2016/01/21,26.82
2016/01/21,0
2016/01/20,26.45
2016/01/20,0
2016/01/19,0
2016/01/18,0
2016/01/18,19.41
2016/01/17,24.1
2016/01/17,0
2016/01/16,25.22
2016/01/16,0
2016/01/15,32.81
2016/01/15,0
2016/01/14,20.41
2016/01/14,0
2016/01/13,0
2016/01/13,18.87
2016/01/12,0
2016/01/11,24.54
2016/01/11,0
2016/01/10,22.02
2016/01/10,0
2016/01/09,0
2016/01/09,20.1
2016/01/08,21.49
2016/01/08,0
2016/01/07,0
2016/01/07,18.57
2016/01/06,0
2016/01/06,20.75
2016/01/05,0
2016/01/05,27.24
2016/01/04,0
2016/01/04,33.36
2016/01/03,24.41
2016/01/03,0
2016/01/02,0
2016/01/02,22.99
2016/01/01,0
2016/01/01,24.83
2015/12/31,0
2015/12/31,19.81
2015/12/30,0
2015/12/30,26.33
2015/12/29,26.59
2015/12/29,0
2015/12/28,0
2015/12/28,14.61
2015/12/27,0
2015/12/27,19.21
2015/12/26,0
2015/12/26,27.69
2015/12/25,23.31
2015/12/25,0
2015/12/24,30.2
2015/12/24,0
2015/12/23,27.44
2015/12/23,0
2015/12/22,32.08
2015/12/22,0
2015/12/21,28.8
2015/12/21,0
2015/12/20,32.36
2015/12/20,0
2015/12/19,29.11
2015/12/19,0
2015/12/18,20.67
2015/12/18,0
2015/12/17,0
2015/12/17,14.51
2015/12/16,14.79
2015/12/16,0
2015/12/15,18.84
2015/12/15,0
2015/12/14,23.17
2015/12/14,0
2015/12/13,0
2015/12/13,24.67
2015/12/12,0
2015/12/12,25.77
2015/12/11,0
2015/12/11,20.17
2015/12/10,0
2015/12/10,19.85
2015/12/09,0
2015/12/09,32.15
2015/12/08,0
2015/12/08,24.61
2015/12/07,0
2015/12/07,18.54
2015/12/06,0
2015/12/06,13.4
2015/12/05,0
2015/12/05,25.72
2015/12/04,0
2015/12/04,26.61
2015/12/03,21.47
2015/12/03,0
2015/12/02,26.27
2015/12/02,0
2015/12/01,26.6
2015/11/30,22.71
2015/11/29,21.67
2015/11/28,32.47
2015/11/27,24.07
2015/11/26,0
2015/11/26,12.59
2015/11/25,0
2015/11/25,14.61
2015/11/24,0
2015/11/24,18.02
2015/11/23,19.64
2015/11/23,0
2015/11/22,0
2015/11/22,18.21
2015/11/21,0
2015/11/21,22.62
2015/11/20,32.31
2015/11/20,0
2015/11/19,23.42
2015/11/19,0
2015/11/18,18.82
2015/11/18,0
2015/11/17,26.23
2015/11/17,0
2015/11/16,0
2015/11/16,24.8
2015/11/15,0
2015/11/15,22.95
2015/11/14,0
2015/11/14,24.41
2015/11/13,0
2015/11/13,26.85
2015/11/12,0
2015/11/12,30.43
2015/11/11,28.13
2015/11/11,0
2015/11/10,0
2015/11/10,17.68
2015/11/09,21.62
2015/11/09,0
2015/11/08,0
2015/11/08,20.79
2015/11/07,19.3
2015/11/07,0
2015/11/06,0
2015/11/06,21.62
2015/11/05,23.51
2015/11/05,0
2015/11/04,23.38
2015/11/04,0
2015/11/03,23.22
2015/11/02,16.4
2015/11/01,21.01
2015/10/31,17.12
2015/10/30,15.75
2015/10/30,0
2015/10/29,0
2015/10/29,19.16
2015/10/28,0
2015/10/28,23.53
2015/10/27,0
2015/10/27,18.39
2015/10/26,0
2015/10/26,27.23
2015/10/25,0
2015/10/25,21.6
2015/10/24,0
2015/10/24,21.8
2015/10/23,0
2015/10/23,16.19
2015/10/22,0
2015/10/22,21.91
2015/10/21,28.03
2015/10/21,0
2015/10/20,0
2015/10/20,30.69
2015/10/19,0
2015/10/19,29.68
2015/10/18,0
2015/10/18,18.71
2015/10/17,23.27
2015/10/17,0
2015/10/16,24.44
2015/10/16,0
2015/10/15,19.66
2015/10/15,0
2015/10/14,0
2015/10/14,25.49
2015/10/13,22.83
2015/10/13,0
2015/10/12,0
2015/10/12,24.18
2015/10/11,0
2015/10/11,16.72
2015/10/10,16.37
2015/10/10,0
2015/10/09,13.35
2015/10/09,0
2015/10/08,0
2015/10/08,14.44
2015/10/07,18.29
2015/10/07,0
2015/10/06,19.26
2015/10/06,0
2015/10/05,0
2015/10/05,16.53
2015/10/04,16.93
2015/10/04,0
2015/10/03,18.17
2015/10/03,0
2015/10/02,0
2015/10/02,20.62
2015/10/01,15.56
2015/10/01,0
2015/09/30,0
2015/09/30,18.33
2015/09/29,0
2015/09/29,12.45
2015/09/28,0
2015/09/28,8.34
2015/09/27,0
2015/09/27,8.88
2015/09/26,0
2015/09/26,18.86
2015/09/25,19.59
2015/09/25,0
2015/09/24,0
2015/09/24,16.96
2015/09/23,17.09
2015/09/23,0
2015/09/22,19.29
2015/09/22,0
2015/09/21,0
2015/09/21,20.3
2015/09/20,0
2015/09/20,16.87
2015/09/19,21.12
2015/09/19,0
2015/09/18,21.65
2015/09/18,0
2015/09/17,0
2015/09/17,15.84
2015/09/16,0
2015/09/16,17.13
2015/09/15,16.81
2015/09/15,0
2015/09/14,21.96
2015/09/14,0
2015/09/13,19.85
2015/09/13,0
2015/09/12,18.55
2015/09/12,0
2015/09/11,22.72
2015/09/11,0
2015/09/10,20.6
2015/09/10,0
2015/09/09,0
2015/09/09,15.22
2015/09/08,0
2015/09/08,16.02
2015/09/07,14.73
2015/09/07,0
2015/09/06,7.66
2015/09/06,0
2015/09/05,12.93
2015/09/05,0
2015/09/04,0
2015/09/04,15.52
2015/09/03,15.68
2015/09/03,0
2015/09/02,13
2015/09/02,0
2015/09/01,14.29
2015/09/01,0
2015/08/31,16.87
2015/08/31,0
2015/08/30,0
2015/08/30,10.71
2015/08/29,0
2015/08/29,9.5
2015/08/28,0
2015/08/28,13.12
2015/08/27,0
2015/08/27,14.76
2015/08/26,14.17
2015/08/26,0
2015/08/25,10.46
2015/08/25,0
2015/08/24,0
2015/08/24,12.5
2015/08/23,8.81
2015/08/23,0
2015/08/22,12.12
2015/08/22,0
2015/08/21,15.31
2015/08/21,0
2015/08/20,14.39
2015/08/20,0
2015/08/19,0
2015/08/19,13.11
2015/08/18,15.55
2015/08/18,0
2015/08/17,13.8
2015/08/17,0
2015/08/16,9.67
2015/08/16,0
2015/08/15,14.2
2015/08/15,0
2015/08/14,10
2015/08/14,0
2015/08/13,0
2015/08/13,8.15
2015/08/12,0
2015/08/12,7.66
2015/08/11,0
2015/08/11,10.64
2015/08/10,0
2015/08/10,10.78
2015/08/09,0
2015/08/09,12.57
2015/08/08,0
2015/08/08,3.39
2015/08/07,0
2015/08/07,9.69
2015/08/06,12.24
2015/08/06,0
2015/08/05,0
2015/08/05,14.01
2015/08/04,0
2015/08/04,18.25
2015/08/03,15.24
2015/08/03,0
2015/08/02,0
2015/08/02,13.25
2015/08/01,12.05
2015/08/01,0
2015/07/31,0
2015/07/31,9.81
2015/07/30,0
2015/07/30,12.36
2015/07/29,0
2015/07/29,10.2
2015/07/28,11.11
2015/07/28,0
2015/07/27,0
2015/07/27,9.18
2015/07/26,5.55
2015/07/26,0
2015/07/25,0
2015/07/25,7.57
2015/07/24,8.24
2015/07/24,0
2015/07/23,0
2015/07/23,9.91
2015/07/22,10.14
2015/07/22,0
2015/07/21,0
2015/07/21,7.69
2015/07/20,7.6
2015/07/20,0
2015/07/19,9.89
2015/07/19,0
2015/07/18,13.84
2015/07/18,0
2015/07/17,0
2015/07/17,17.21
2015/07/16,12.97
2015/07/16,0
2015/07/15,0
2015/07/15,12.47
2015/07/14,12.94
2015/07/14,0
2015/07/13,0
2015/07/13,11.12
2015/07/12,0
2015/07/12,6.63
2015/07/11,6.82
2015/07/11,0
2015/07/10,0
2015/07/10,8.21
2015/07/09,0
2015/07/09,11.86
2015/07/08,12.72
2015/07/08,0
2015/07/07,11.57
2015/07/07,0
2015/07/06,13.46
2015/07/06,0
2015/07/05,8.78
2015/07/05,0
2015/07/04,10.94
2015/07/04,0
2015/07/03,10.8
2015/07/03,0
2015/07/02,0
2015/07/02,8.43
2015/07/01,0
2015/07/01,8.52
2015/06/30,0
2015/06/30,9.18
2015/06/29,0
2015/06/29,10.04
2015/06/28,7.18
2015/06/28,0
2015/06/27,0
2015/06/27,7.62
2015/06/26,0
2015/06/26,8.62
2015/06/25,0
2015/06/25,8.32
2015/06/24,9.64
2015/06/24,0
2015/06/23,0
2015/06/23,14.31
2015/06/22,0
2015/06/22,14.67
2015/06/21,10.83
2015/06/21,0
2015/06/20,0
2015/06/20,11.65
2015/06/19,9.41
2015/06/19,0
2015/06/18,10.87
2015/06/18,0
2015/06/17,8.92
2015/06/17,0
2015/06/16,0
2015/06/16,9.29
2015/06/15,9.01
2015/06/15,0
2015/06/14,7.58
2015/06/14,0
2015/06/13,8.87
2015/06/13,0
2015/06/12,9.96
2015/06/12,0
2015/06/11,0
2015/06/11,8.94
2015/06/10,8.92
2015/06/10,0
2015/06/09,9.92
2015/06/09,0
2015/06/08,10.94
2015/06/08,0
2015/06/07,0
2015/06/07,9.04
2015/06/06,0
2015/06/06,12.22
2015/06/05,0
2015/06/05,10.39
2015/06/04,10.22
2015/06/04,0
2015/06/03,0
2015/06/03,9.9
2015/06/02,10.67
2015/06/02,0
2015/06/01,0
2015/06/01,14.12
2015/05/31,12.14
2015/05/31,0
2015/05/30,0
2015/05/30,7.38
2015/05/29,8.36
2015/05/29,0
2015/05/28,12.37
2015/05/28,0
2015/05/27,16.12
2015/05/27,0
2015/05/26,0
2015/05/26,20.06
2015/05/25,0
2015/05/25,23.75
2015/05/24,12.06
2015/05/24,0
2015/05/23,12
2015/05/23,0
2015/05/22,21.98
2015/05/22,0
2015/05/21,25.84
2015/05/21,0
2015/05/20,17.81
2015/05/20,0
2015/05/19,11.48
2015/05/19,0
2015/05/18,0
2015/05/18,11.67
2015/05/17,0
2015/05/17,8.63
2015/05/16,10.8
2015/05/16,0
2015/05/15,0
2015/05/15,10.48
2015/05/14,0
2015/05/14,12.48
2015/05/13,0
2015/05/13,20.87
2015/05/12,0
2015/05/12,19.89
2015/05/11,21.57
2015/05/11,0
2015/05/10,14.53
2015/05/10,0
2015/05/09,11.5
2015/05/09,0
2015/05/08,0
2015/05/08,15.95
2015/05/07,16.32
2015/05/07,0
2015/05/06,0
2015/05/06,19.05
2015/05/05,0
2015/05/05,28.27
2015/05/04,16.45
2015/05/04,0
2015/05/03,8.52
2015/05/03,0
2015/05/02,10.23
2015/05/02,0
2015/05/01,20.73
2015/05/01,0
2015/04/30,0
2015/04/30,21.5
2015/04/29,0
2015/04/29,13.47
2015/04/28,14.82
2015/04/28,0
2015/04/27,17.54
2015/04/27,0
2015/04/26,0
2015/04/26,18.19
2015/04/25,17.7
2015/04/25,0
2015/04/24,15.52
2015/04/24,0
2015/04/23,21.22
2015/04/23,0
2015/04/22,0
2015/04/22,17.87
2015/04/21,22.01
2015/04/21,0
2015/04/20,0
2015/04/20,12.09
2015/04/19,11.85
2015/04/19,0
2015/04/18,0
2015/04/18,14.78
2015/04/17,22.84
2015/04/17,0
2015/04/16,17.61
2015/04/16,0
2015/04/15,20.89
2015/04/15,0
2015/04/14,17.89
2015/04/14,0
2015/04/13,18.87
2015/04/13,0
2015/04/12,18.23
2015/04/12,0
2015/04/11,25.85
2015/04/11,0
2015/04/10,0
2015/04/10,23.01
2015/04/09,0
2015/04/09,19.81
2015/04/08,14.72
2015/04/08,0
2015/04/07,0
2015/04/07,14.58
2015/04/06,0
2015/04/06,13.9
2015/04/05,0
2015/04/05,10.76
2015/04/04,0
2015/04/04,11.44
2015/04/03,12.56
2015/04/03,0
2015/04/02,0
2015/04/02,12.25
2015/04/01,0
2015/04/01,13.85
2015/03/31,0
2015/03/31,14.23
2015/03/30,0
2015/03/30,23.7
2015/03/29,0
2015/03/29,24.69
2015/03/28,26.69
2015/03/28,0
2015/03/27,24.89
2015/03/27,0
2015/03/26,0
2015/03/26,22.75
2015/03/25,0
2015/03/25,26.12
2015/03/24,0
2015/03/24,15.99
2015/03/23,24.52
2015/03/23,0
2015/03/22,15.52
2015/03/22,0
2015/03/21,0
2015/03/21,23.88
2015/03/20,0
2015/03/20,28.53
2015/03/19,19.93
2015/03/19,0
2015/03/18,0
2015/03/18,11.29
2015/03/17,14.7
2015/03/17,0
2015/03/16,23.27
2015/03/16,0
2015/03/15,18.09
2015/03/15,0
2015/03/14,0
2015/03/14,28.66
2015/03/13,30.7
2015/03/13,0
2015/03/12,0
2015/03/12,26.16
2015/03/11,27.87
2015/03/11,0
2015/03/10,0
2015/03/10,23.34
2015/03/09,18.82
2015/03/09,0
2015/03/08,0
2015/03/08,21.81
2015/03/07,0
2015/03/07,25.23
2015/03/06,0
2015/03/06,27.96
2015/03/05,0
2015/03/05,25.78
2015/03/04,22.24
2015/03/04,0
2015/03/03,0
2015/03/03,31.31
2015/03/02,28.31
2015/03/02,0
2015/03/01,0
2015/03/01,14.55
2015/02/28,0
2015/02/28,17.21
2015/02/27,0
2015/02/27,15.38
2015/02/26,0
2015/02/26,20.43
2015/02/25,0
2015/02/25,24.65
2015/02/24,0
2015/02/24,21.96
2015/02/23,21.89
2015/02/23,0
2015/02/22,17.24
2015/02/22,0
2015/02/21,0
2015/02/21,16.15
2015/02/20,0
2015/02/20,17.56
2015/02/19,17.71
2015/02/19,0
2015/02/18,0
2015/02/18,20.2
2015/02/17,29.64
2015/02/17,0
2015/02/16,0
2015/02/16,24.89
2015/02/15,32.16
2015/02/15,0
2015/02/14,37.68
2015/02/14,0
2015/02/13,0
2015/02/13,34.9
2015/02/12,31.85
2015/02/12,0
2015/02/11,30.23
2015/02/11,0
2015/02/10,21.95
2015/02/10,0
2015/02/09,11.37
2015/02/09,0
2015/02/08,0
2015/02/08,14.19
2015/02/07,0
2015/02/07,28.01
2015/02/06,0
2015/02/06,27.96
2015/02/05,17.3
2015/02/05,0
2015/02/04,0
2015/02/04,17.59
2015/02/03,18.48
2015/02/03,0
2015/02/02,0
2015/02/02,23.61
2015/02/01,0
2015/02/01,18.17
2015/01/31,17.61
2015/01/31,0
2015/01/30,18.46
2015/01/30,0
2015/01/29,21.92
2015/01/29,0
2015/01/28,0
2015/01/28,21.38
2015/01/27,0
2015/01/27,28.48
2015/01/26,0
2015/01/26,27.27
2015/01/25,0
2015/01/25,28.19
2015/01/24,32.2
2015/01/24,0
2015/01/23,0
2015/01/23,32.4
2015/01/22,22.57
2015/01/22,0
2015/01/21,0
2015/01/21,20.58
2015/01/20,0
2015/01/20,30.42
2015/01/19,21.83
2015/01/19,0
2015/01/18,0
2015/01/18,20.99
2015/01/17,17.92
2015/01/17,0
2015/01/16,0
2015/01/16,25.78
2015/01/15,22.35
2015/01/15,0
2015/01/14,15.93
2015/01/14,0
2015/01/13,29.66
2015/01/13,0
2015/01/12,33.89
2015/01/12,0
2015/01/11,0
2015/01/11,27.1
2015/01/10,0
2015/01/10,27.88
2015/01/09,0
2015/01/09,22.62
2015/01/08,18.87
2015/01/08,0
2015/01/07,21.31
2015/01/07,0
2015/01/06,0
2015/01/06,29.89
2015/01/05,0
2015/01/05,32.07
2015/01/04,0
2015/01/04,25.7
2015/01/03,0
2015/01/03,31.88
2015/01/02,25.25
2015/01/02,0
2015/01/01,20.85
2015/01/01,0
2014/12/31,0
2014/12/31,30.72
2014/12/30,0
2014/12/30,36.13
2014/12/29,23.38
2014/12/29,0
2014/12/28,0
2014/12/28,16.46
2014/12/27,0
2014/12/27,26.95
2014/12/26,27.88
2014/12/26,0
2014/12/25,33.57
2014/12/25,0
2014/12/24,37.19
2014/12/24,0
2014/12/23,39.47
2014/12/22,21.45
2014/12/22,0
2014/12/21,0
2014/12/21,19.25
2014/12/20,0
2014/12/20,22.94
2014/12/19,30.11
2014/12/19,0
2014/12/18,0
2014/12/18,26.11
2014/12/17,0
2014/12/17,14.6
2014/12/16,18.34
2014/12/16,0
2014/12/15,0
2014/12/15,29.45
2014/12/14,27.38
2014/12/14,0
2014/12/13,0
2014/12/13,0
2014/12/12,0
2014/12/12,16.95
2014/12/11,0
2014/12/11,20.13
2014/12/10,0
2014/12/10,22.4
2014/12/09,30.03
2014/12/09,0
2014/12/08,0
2014/12/08,21.64
2014/12/07,0
2014/12/06,0
2014/12/06,23.7
2014/12/05,21.05
2014/12/05,0
2014/12/04,0
2014/12/04,20.1
2014/12/03,27.63
2014/12/03,0
2014/12/02,0
2014/12/02,21.66
2014/12/01,13.91
2014/12/01,0
2014/11/30,0
2014/11/30,19.29
2014/11/29,0
2014/11/29,26.35
2014/11/28,0
2014/11/28,33.21
2014/11/27,0
2014/11/27,34.86
2014/11/26,0
2014/11/26,28.62
2014/11/25,26.8
2014/11/25,0
2014/11/24,0
2014/11/24,24.31
2014/11/23,0
2014/11/23,20.73
2014/11/22,0
2014/11/22,24.18
2014/11/21,0
2014/11/21,25.31
2014/11/20,0
2014/11/20,25.87
2014/11/19,0
2014/11/19,22.44
2014/11/18,15.54
2014/11/18,0
2014/11/17,0
2014/11/17,15.63
2014/11/16,14.63
2014/11/16,0
2014/11/15,0
2014/11/15,34.4
2014/11/14,27.37
2014/11/14,0
2014/11/13,21.1
2014/11/13,0
2014/11/12,24.68
2014/11/12,0
2014/11/11,28.77
2014/11/11,0
2014/11/10,0
2014/11/10,24.42
2014/11/09,0
2014/11/09,15
2014/11/08,0
2014/11/08,23.75
2014/11/07,27.53
2014/11/07,0
2014/11/06,23.05
2014/11/06,0
2014/11/05,30.08
2014/11/05,0
2014/11/04,0
2014/11/04,23.33
2014/11/03,12.5
2014/11/03,0
2014/11/02,0
2014/11/02,14.04
2014/11/01,0
2014/11/01,24.13
2014/10/31,22.97
2014/10/31,0
2014/10/30,25.28
2014/10/30,0
2014/10/29,24.92
2014/10/29,0
2014/10/28,25.79
2014/10/28,0
2014/10/27,17.92
2014/10/27,0
2014/10/26,20.37
2014/10/26,0
2014/10/25,0
2014/10/25,29.47
2014/10/24,0
2014/10/24,25.9
2014/10/23,16.81
2014/10/23,0
2014/10/22,20.13
2014/10/22,0
2014/10/21,29.67
2014/10/21,0
2014/10/20,26.3
2014/10/20,0
2014/10/19,0
2014/10/19,21.62
2014/10/18,0
2014/10/18,23.58
2014/10/17,0
2014/10/17,29.92
2014/10/16,27.52
2014/10/16,0
2014/10/15,0
2014/10/15,28.87
2014/10/14,25.82
2014/10/14,0
2014/10/13,22.52
2014/10/13,0
2014/10/12,0
2014/10/12,13.15
2014/10/11,0
2014/10/11,9.25
2014/10/10,12.27
2014/10/10,0
2014/10/09,18.96
2014/10/09,0
2014/10/08,18.17
2014/10/08,0
2014/10/07,15.7
2014/10/07,0
2014/10/06,0
2014/10/06,11.86
2014/10/05,8.74
2014/10/05,0
2014/10/04,0
2014/10/04,8.76
2014/10/03,16.94
2014/10/03,0
2014/10/02,0
2014/10/02,17.68
2014/10/01,0
2014/10/01,16.69
2014/09/30,0
2014/09/30,20.24
2014/09/29,0
2014/09/29,19.65
2014/09/28,0
2014/09/28,14.93
2014/09/27,17.87
2014/09/27,0
2014/09/26,0
2014/09/26,17.73
2014/09/25,0
2014/09/25,12.59
2014/09/24,0
2014/09/24,11.24
2014/09/23,0
2014/09/23,11.58
2014/09/22,0
2014/09/22,9.4
2014/09/21,9.16
2014/09/21,0
2014/09/20,0
2014/09/20,12.08
2014/09/19,0
2014/09/19,17.81
2014/09/18,15.37
2014/09/18,0
2014/09/17,14.43
2014/09/17,0
2014/09/16,12.46
2014/09/16,0
2014/09/15,12.94
2014/09/15,0
2014/09/14,10.34
2014/09/14,0
2014/09/13,11.13
2014/09/13,0
2014/09/12,13.05
2014/09/12,0
2014/09/11,0
2014/09/11,15.07
2014/09/10,13.19
2014/09/09,10.41
2014/09/08,9.51
2014/09/07,8.67
2014/09/06,12.08
2014/09/05,13.2
2014/09/04,11.92
2014/09/03,10.54
2014/09/02,11.34
2014/09/01,13.62
2014/09/01,0
2014/08/31,0
2014/08/31,8.75
2014/08/30,0
2014/08/30,11.71
2014/08/29,0
2014/08/29,14.4
2014/08/28,12.91
2014/08/28,0
2014/08/27,10.77
2014/08/27,0
2014/08/26,10.91
2014/08/26,0
2014/08/25,9.14
2014/08/24,0
2014/08/24,9.27
2014/08/23,0
2014/08/23,12.21
2014/08/22,16.96
2014/08/22,0
2014/08/21,12.57
2014/08/21,0
2014/08/20,0
2014/08/19,0
2014/08/19,7.65
2014/08/18,0
2014/08/18,10.29
2014/08/17,0
2014/08/17,6.69
2014/08/16,9.22
2014/08/16,0
2014/08/15,8.09
2014/08/15,0
2014/08/14,8.12
2014/08/14,0
2014/08/13,7.41
2014/08/13,0
2014/08/12,7.45
2014/08/12,0
2014/08/11,0
2014/08/11,8.72
2014/08/10,0
2014/08/10,7.42
2014/08/09,7.78
2014/08/09,0
2014/08/08,7.99
2014/08/08,0
2014/08/07,0
2014/08/07,11.18
2014/08/06,12.53
2014/08/06,0
2014/08/05,13.94
2014/08/05,0
2014/08/04,12.21
2014/08/04,0
2014/08/03,0
2014/08/03,6.02
2014/08/02,7.77
2014/08/02,0
2014/08/01,0
2014/08/01,9.16
2014/07/31,0
2014/07/31,11.82
2014/07/30,0
2014/07/30,10.45
2014/07/29,12.12
2014/07/29,0
2014/07/28,11.21
2014/07/28,0
2014/07/27,8.1
2014/07/27,0
2014/07/26,0
2014/07/26,10
2014/07/25,0
2014/07/25,8.65
2014/07/24,5.77
2014/07/24,0
2014/07/23,0
2014/07/23,3.61
2014/07/22,19.04
2014/07/22,0
2014/07/21,0
2014/07/21,12.54
2014/07/20,9.13
2014/07/20,0
2014/07/19,12.12
2014/07/19,0
2014/07/18,0
2014/07/18,11.32
2014/07/17,10.86
2014/07/17,0
2014/07/16,0
2014/07/16,11.96
2014/07/15,10.06
2014/07/15,0
2014/07/14,0
2014/07/14,7.94
2014/07/13,0
2014/07/13,7.38
2014/07/12,0
2014/07/12,8.1
2014/07/11,0
2014/07/11,9.56
2014/07/10,0
2014/07/10,8.93
2014/07/09,8.17
2014/07/09,0
2014/07/08,9.09
2014/07/08,0
2014/07/07,12.1
2014/07/07,0
2014/07/06,0
2014/07/06,10.52
2014/07/05,0
2014/07/05,13.04
2014/07/04,0
2014/07/04,14.67
2014/07/03,9.95
2014/07/03,0
2014/07/02,0
2014/07/02,8.36
2014/07/01,0
2014/07/01,9.5
2014/06/30,0
2014/06/30,11.92
2014/06/29,0
2014/06/29,9.9
2014/06/28,0
2014/06/28,12.2
2014/06/27,0
2014/06/27,11.59
2014/06/26,0
2014/06/26,11.2
2014/06/25,8.72
2014/06/25,0
2014/06/24,8.93
2014/06/24,0
2014/06/23,0
2014/06/23,8.84
2014/06/22,0
2014/06/22,7.52
2014/06/21,0
2014/06/21,8.4
2014/06/20,10.9
2014/06/20,0
2014/06/19,9.4
2014/06/19,0
2014/06/18,7.88
2014/06/18,0
2014/06/17,0
2014/06/17,7.72
2014/06/16,8.51
2014/06/16,0
2014/06/15,0
2014/06/15,11.98
2014/06/14,0
2014/06/14,16.85
2014/06/13,0
2014/06/13,15.22
2014/06/12,19.78
2014/06/12,0
2014/06/11,0
2014/06/11,12.55
2014/06/10,11.05
2014/06/10,0
2014/06/09,0
2014/06/09,11.86
2014/06/08,11.09
2014/06/08,0
2014/06/07,0
2014/06/07,10.31
2014/06/06,13.78
2014/06/06,0
2014/06/05,0
2014/06/05,10.19
2014/06/04,0
2014/06/04,13.32
2014/06/03,13.51
2014/06/03,0
2014/06/02,0
2014/06/02,6.96
2014/06/01,0
2014/06/01,12.56
2014/05/31,12.79
2014/05/31,0
2014/05/30,0
2014/05/30,13.45
2014/05/29,15.75
2014/05/29,0
2014/05/28,0
2014/05/28,12.54
2014/05/27,13.22
2014/05/27,0
2014/05/26,0
2014/05/26,7.15
2014/05/25,8.37
2014/05/25,0
2014/05/24,0
2014/05/24,17.4
2014/05/23,21.85
2014/05/23,0
2014/05/22,0
2014/05/22,19.02
2014/05/21,0
2014/05/21,15.75
2014/05/20,11.91
2014/05/20,0
2014/05/19,12.92
2014/05/19,0
2014/05/18,10.19
2014/05/18,0
2014/05/17,9.51
2014/05/17,0
2014/05/16,0
2014/05/16,12.38
2014/05/15,0
2014/05/15,12.26
2014/05/14,9.7
2014/05/14,0
2014/05/13,0
2014/05/13,12.92
2014/05/12,10.7
2014/05/12,0
2014/05/11,13.78
2014/05/11,0
2014/05/10,19.79
2014/05/10,0
2014/05/09,34.2
2014/05/09,0
2014/05/08,28.03
2014/05/08,0
2014/05/07,0
2014/05/07,32.22
2014/05/06,29.01
2014/05/06,0
2014/05/05,0
2014/05/05,13.96
2014/05/04,0
2014/05/04,12.72
2014/05/03,22.44
2014/05/03,0
2014/05/02,0
2014/05/02,21.74
2014/05/01,0
2014/05/01,26.09
2014/04/30,0
2014/04/30,29.58
2014/04/29,0
2014/04/29,27.48
2014/04/28,0
2014/04/28,20.54
2014/04/27,0
2014/04/27,18.59
2014/04/26,0
2014/04/26,23.91
2014/04/25,24.58
2014/04/25,0
2014/04/24,26.93
2014/04/24,0
2014/04/23,0
2014/04/23,23.16
2014/04/22,0
2014/04/22,19.18
2014/04/21,0
2014/04/21,25.2
2014/04/20,16.95
2014/04/20,0
2014/04/19,15.55
2014/04/19,0
2014/04/18,14.51
2014/04/18,0
2014/04/17,0
2014/04/17,11.96
2014/04/16,14.66
2014/04/16,0
2014/04/15,0
2014/04/15,20.48
2014/04/14,0
2014/04/14,15.4
2014/04/13,0
2014/04/13,10.8
2014/04/12,17.97
2014/04/11,25.53
2014/04/11,0
2014/04/10,0
2014/04/10,24.38
2014/04/09,0
2014/04/09,23.4
2014/04/08,0
2014/04/08,23.46
2014/04/07,21.29
2014/04/07,0
2014/04/06,0
2014/04/06,21.15
2014/04/05,0
2014/04/05,22.24
2014/04/04,0
2014/04/04,23.59
2014/04/03,22.11
2014/04/03,0
2014/04/02,0
2014/04/02,27.81
2014/04/01,0
2014/04/01,19.95
2014/03/31,0
2014/03/31,20.8
2014/03/30,0
2014/03/30,0
2014/03/29,12.98
2014/03/29,0
2014/03/28,0
2014/03/28,0
2014/03/27,0
2014/03/27,0
2014/03/26,0
2014/03/26,0
2014/03/25,0
2014/03/25,0
2014/03/24,0
2014/03/24,0
2014/03/23,0
2014/03/22,0
2014/03/22,23.24
2014/03/21,16.06
2014/03/21,0
2014/03/20,14
2014/03/20,0
2014/03/19,0
2014/03/19,20.02
2014/03/18,28.68
2014/03/18,0
2014/03/17,30.67
2014/03/17,0
2014/03/16,0
2014/03/16,32.96
2014/03/15,31.01
2014/03/15,0
2014/03/14,0
2014/03/14,22.13
2014/03/13,25.21
2014/03/13,0
2014/03/12,35.26
2014/03/11,0
2014/03/11,33.78
2014/03/10,0
2014/03/10,22.73
2014/03/09,13.8
2014/03/09,0
2014/03/08,0
2014/03/08,26.19
2014/03/07,0
2014/03/07,23.36
2014/03/06,0
2014/03/06,24.72
2014/03/05,0
2014/03/05,17.56
2014/03/04,0
2014/03/04,29.05
2014/03/03,21.18
2014/03/03,0
2014/03/02,15.54
2014/03/02,0
2014/03/01,18.93
2014/03/01,0
2014/02/28,28.65
2014/02/28,0
2014/02/27,24.41
2014/02/27,0
2014/02/26,29.18
2014/02/26,0
2014/02/25,0
2014/02/25,27.37
2014/02/24,0
2014/02/24,23.94
2014/02/23,16.34
2014/02/23,0
2014/02/22,22.07
2014/02/21,21.91
2014/02/20,13.94
2014/02/20,0
2014/02/19,0
2014/02/19,16.9
2014/02/18,0
2014/02/18,23.58
2014/02/17,26.3
2014/02/17,0
2014/02/16,0
2014/02/16,26.14
2014/02/15,23.68
2014/02/15,0
2014/02/14,0
2014/02/14,13.93
2014/02/13,0
2014/02/13,0
2014/02/12,19.62
2014/02/12,0
2014/02/11,0
2014/02/11,18.55
2014/02/10,14.42
2014/02/10,0
2014/02/09,0
2014/02/09,18.55
2014/02/08,0
2014/02/08,19.58
2014/02/07,22.58
2014/02/07,0
2014/02/06,0
2014/02/06,25.04
2014/02/05,21.56
2014/02/05,0
2014/02/04,0
2014/02/04,13.12
2014/02/03,18.96
2014/02/03,0
2014/02/02,0
2014/02/02,17.19
2014/02/01,0
2014/02/01,16.13
2014/01/31,0
2014/01/31,22.97
2014/01/30,0
2014/01/30,28.65
2014/01/29,31.11
2014/01/29,0
2014/01/28,0
2014/01/28,32.55
2014/01/27,28.08
2014/01/27,0
2014/01/26,0
2014/01/26,22.35
2014/01/25,0
2014/01/25,25.89
2014/01/24,0
2014/01/24,32.32
2014/01/23,29
2014/01/23,0
2014/01/22,17.08
2014/01/22,0
2014/01/21,17.82
2014/01/21,0
2014/01/20,24.64
2014/01/20,0
2014/01/19,0
2014/01/19,0
2014/01/18,0
2014/01/18,17.61
2014/01/17,0
2014/01/17,29.9
2014/01/16,0
2014/01/16,28.74
2014/01/15,18.26
2014/01/15,0
2014/01/14,15.37
2014/01/14,0
2014/01/13,15.21
2014/01/13,0
2014/01/12,0
2014/01/12,15.47
2014/01/11,0
2014/01/11,25.69
2014/01/10,0
2014/01/10,22.83
2014/01/09,15.9
2014/01/09,0
2014/01/08,28.61
2014/01/08,0
2014/01/07,0
2014/01/07,35.35
2014/01/06,0
2014/01/06,41.56
2014/01/05,0
2014/01/05,26.66
2014/01/04,29.89
2014/01/04,0
2014/01/03,0
2014/01/03,32.67
2014/01/02,34.33
2014/01/02,0
2014/01/01,0
2014/01/01,29.63
2013/12/31,0
2013/12/31,30.73
2013/12/30,0
2013/12/30,26.53
2013/12/29,0
2013/12/29,16.93
2013/12/28,20.9
2013/12/28,0
2013/12/27,20.38
2013/12/27,0
2013/12/26,0
2013/12/26,16.02
2013/12/25,0
2013/12/25,22
2013/12/24,0
2013/12/24,17.93
2013/12/23,0
2013/12/23,23.8
2013/12/22,0
2013/12/22,17.16
2013/12/21,0
2013/12/21,18.94
2013/12/20,0
2013/12/20,21.96
2013/12/19,0
2013/12/19,15.6
2013/12/18,12.95
2013/12/18,0
2013/12/17,16.58
2013/12/17,0
2013/12/16,20.55
2013/12/16,0
2013/12/15,24.91
2013/12/14,25.56
2013/12/13,29.49
2013/12/12,36.9
2013/12/11,21.25
2013/12/10,24.28
2013/12/09,22.68
2013/12/08,31.53
2013/12/07,33.85
2013/12/06,30.52
2013/12/05,32.71
2013/12/04,30.35
2013/12/03,33.82
2013/12/02,30.13
2013/12/01,23.13
2013/11/30,27.16
2013/11/29,19.1
2013/11/28,15.5
2013/11/27,19.81
2013/11/26,33.02
2013/11/25,19.04
2013/11/24,24.34
2013/11/23,33.95
2013/11/22,37.07
2013/11/21,39.09
2013/11/20,37.37
2013/11/19,30.38
2013/11/18,22.76
2013/11/17,18.85
2013/11/16,20.81
2013/11/15,20.66
2013/11/14,20.88
2013/11/13,27.87
2013/11/12,28.49
2013/11/11,20.91
2013/11/10,23.45
2013/11/09,21.25
2013/11/08,27.86
2013/11/07,23.68
2013/11/06,25.74
2013/11/05,26.15
2013/11/04,15.81
2013/11/03,14.27
2013/11/02,21.4
2013/11/01,25.57
2013/10/31,23.9
2013/10/30,30.04
2013/10/29,22.11
2013/10/28,22.81
2013/10/27,21.96
2013/10/26,17.38
2013/10/25,12.61
2013/10/24,9.91
2013/10/23,11.93
2013/10/22,11.4
2013/10/21,10.35
2013/10/20,11.76
2013/10/19,18.33
2013/10/18,20.37
2013/10/17,18.68
2013/10/16,14.94
2013/10/15,11.42
2013/10/14,22.33
2013/10/13,22.45
2013/10/12,22.33
2013/10/11,20.72
2013/10/10,17.98
2013/10/09,19.76
2013/10/08,16.48
2013/10/07,16.63
2013/10/06,11.25
2013/10/05,11.7
2013/10/04,14.82
2013/10/03,14.05
2013/10/02,13.78
2013/10/01,19.12
2013/09/30,17.15
2013/09/29,15.8
2013/09/28,19.89
2013/09/27,18.92
2013/09/26,13.44
2013/09/25,20.14
2013/09/24,13.17
2013/09/23,14
2013/09/22,11.86
2013/09/21,17.66
2013/09/20,11.59
2013/09/19,13.61
2013/09/18,20.67
2013/09/17,19.09
2013/09/16,18.58
2013/09/15,10.81
2013/09/14,14.07
2013/09/13,15.32
2013/09/12,18.31
2013/09/11,16.67
2013/09/10,15.18
2013/09/09,17.26
2013/09/08,16.29
2013/09/07,19.44
2013/09/06,20.97
2013/09/05,20.49
2013/09/04,22.64
2013/09/03,17.37
2013/09/02,23.92
2013/09/01,13.24
2013/08/31,14.07
2013/08/30,13.18
2013/08/29,12.66
2013/08/28,12.47
2013/08/27,14.7
2013/08/26,12.55
2013/08/25,9.61
2013/08/24,9.91
2013/08/23,0
2013/08/22,11.06
2013/08/21,10.47
2013/08/20,14.29
2013/08/19,10.5
2013/08/18,12.09
2013/08/17,14.22
2013/08/16,14.72
2013/08/15,13.32
2013/08/14,14
2013/08/13,14.02
2013/08/12,14.18
2013/08/11,11.64
2013/08/10,11.87
2013/08/09,10.17
2013/08/08,8.23
2013/08/07,9.36
2013/08/06,11.73
2013/08/05,8.9
2013/08/04,10.38
2013/08/03,10.5
2013/08/02,13.24
2013/08/01,15.04
2013/07/31,12.66
2013/07/30,13.28
2013/07/29,12.69
2013/07/28,10.17
2013/07/27,8.36
2013/07/26,10.32
2013/07/25,9.11
2013/07/24,12.85
2013/07/23,16.63
2013/07/22,14.8
2013/07/21,10.16
2013/07/20,14.47
2013/07/19,19.97
2013/07/18,20.06
2013/07/17,15.17
2013/07/16,13.09
2013/07/15,9.74
2013/07/14,9.9
2013/07/13,7.01
2013/07/12,9.97
2013/07/11,11.21
2013/07/10,13.54
2013/07/09,15.52
2013/07/08,11.84
2013/07/07,9.22
2013/07/06,11.97
2013/07/05,10.52
2013/07/04,10.05
2013/07/03,10.97
2013/07/02,12.09
2013/07/01,11.9
2013/06/30,11.12
2013/06/29,9.11
2013/06/28,7.93
2013/06/27,7.52
2013/06/26,8.47
2013/06/25,12.49
2013/06/24,9.02
2013/06/23,9.63
2013/06/22,18.06
2013/06/21,17.65
2013/06/20,13.73
2013/06/19,13.12
2013/06/18,12.92
2013/06/17,17.91
2013/06/16,0
2013/06/15,16.44
2013/06/14,17.08
2013/06/13,14.72
2013/06/12,14.06
2013/06/11,13.54
2013/06/10,13.84
2013/06/09,9.16
2013/06/08,9.67
2013/06/07,12.6
2013/06/06,17.97
2013/06/05,20.92
2013/06/04,19.09
2013/06/03,13.34
2013/06/02,7.52
2013/06/01,10.31
2013/05/31,11.21
2013/05/30,9.63
2013/05/29,11.47
2013/05/28,13.44
2013/05/27,8.36
2013/05/26,7.02
2013/05/25,12.22
2013/05/24,17.09
2013/05/23,18.39
2013/05/22,15.19
2013/05/21,13.19
2013/05/20,12.64
2013/05/19,10.76
2013/05/18,10.53
2013/05/17,13.75
2013/05/16,15.1
2013/05/15,16.66
2013/05/14,18.61
2013/05/13,16.39
2013/05/12,19.71
2013/05/11,14.23
2013/05/10,14.57
2013/05/09,25.68
2013/05/08,19.16
2013/05/07,20.03
2013/05/06,26.07
2013/05/05,23.39
2013/05/04,31.09
2013/05/03,39.33
2013/05/02,32.99
2013/05/01,22.65
2013/04/30,14.17
2013/04/29,22.37
2013/04/28,21.92
2013/04/27,22.16
2013/04/26,37.05
2013/04/25,23.66
2013/04/24,15.14
2013/04/23,24.16
2013/04/22,27.29
2013/04/21,16.65
2013/04/20,26.42
2013/04/19,24.85
2013/04/18,17.93
2013/04/17,22.75
2013/04/16,18.84
2013/04/15,28.06
2013/04/14,25.38
2013/04/13,30.9
2013/04/12,36.24
2013/04/11,40.11
2013/04/10,25.9
2013/04/09,33.75
2013/04/08,31.79
2013/04/07,17
2013/04/06,19.17
2013/04/05,19.6
2013/04/04,20.52
2013/04/03,25.82
2013/04/02,25.03
2013/04/01,30.32
2013/03/31,19.83
2013/03/30,20.99
2013/03/29,19.04
2013/03/28,25.16
2013/03/27,25.06
2013/03/26,21.03
2013/03/25,18.48
2013/03/24,20.06
2013/03/23,20.31
2013/03/22,23.57
2013/03/21,26.99
2013/03/20,15.25
2013/03/19,13.99
2013/03/18,19.61
2013/03/17,18.47
2013/03/16,27.55
2013/03/15,27.46
2013/03/14,17.09
2013/03/13,20.97
2013/03/12,29.93
2013/03/11,24.71
2013/03/10,15.72
2013/03/09,19.71
2013/03/08,30.12
2013/03/07,27.35
2013/03/06,25.31
2013/03/05,28.88
2013/03/04,25.24
2013/03/03,16.19
2013/03/02,15.55
2013/03/01,21.61
2013/02/28,20.88
2013/02/27,29.27
2013/02/26,32.25
2013/02/25,29.33
2013/02/24,22.88
2013/02/23,20.17
2013/02/22,15.28
2013/02/21,18.39
2013/02/20,18.54
2013/02/19,19.37
2013/02/18,22.73
2013/02/17,23.14
2013/02/16,17.42
2013/02/15,22.23
2013/02/14,18.78
2013/02/13,14.12
2013/02/12,12.79
2013/02/11,10.58
2013/02/10,12.63
2013/02/09,12.42
2013/02/08,15.86
2013/02/07,25.04
2013/02/06,29
2013/02/05,26.24
2013/02/04,29.64
2013/02/03,24.27
2013/02/02,31.22
2013/02/01,36.9
2013/01/31,35.52
2013/01/30,31.25
2013/01/29,34.28
2013/01/28,30.92
2013/01/27,16.72
2013/01/26,27.14
2013/01/25,22.8
2013/01/24,35.49
2013/01/23,26
2013/01/22,32.91
2013/01/21,36.01
2013/01/20,24.33
2013/01/19,26.35
2013/01/18,18.5
2013/01/17,19.18
2013/01/16,28.91
2013/01/15,29.5
2013/01/14,20.11
2013/01/13,17.48
2013/01/12,17.36
2013/01/11,22.7
2013/01/10,17.65
2013/01/09,16.83
2013/01/08,22.96
2013/01/07,21.52
2013/01/06,17.14
2013/01/05,21.42
2013/01/04,22.16
2013/01/03,20.84
2013/01/02,25.93
2013/01/01,36.12
2012/12/31,20.76
2012/12/30,19.88
2012/12/29,29.96
2012/12/28,27.39
2012/12/27,27.07
2012/12/26,35.6
2012/12/25,37.68
2012/12/24,29.37
2012/12/23,12.84
2012/12/22,25.29
2012/12/21,35.18
2012/12/20,32.08
2012/12/19,23.49
2012/12/18,22.09
2012/12/17,27.19
2012/12/16,26.34
2012/12/15,25.15
2012/12/14,28.81
2012/12/13,29.25
2012/12/12,27.72
2012/12/11,24.85
2012/12/10,23.73
2012/12/09,19.49
2012/12/08,26.48
2012/12/07,30.21
2012/12/06,25.25
2012/12/05,25.69
2012/12/04,27.18
2012/12/03,18.63
2012/12/02,20.39
2012/12/01,32.79
2012/11/30,30.4
2012/11/29,25.74
2012/11/28,31.93
2012/11/27,25.75
2012/11/26,18.91
2012/11/25,23.1
2012/11/24,24.67
2012/11/23,19.73
2012/11/22,18.4
2012/11/21,23.87
2012/11/20,29.31
2012/11/19,25.58
2012/11/18,24.21
2012/11/17,25.45
2012/11/16,33.97
2012/11/15,33.58
2012/11/14,35.28
2012/11/13,29.01
2012/11/12,30.53
2012/11/11,18.55
2012/11/10,22.38
2012/11/09,27.36
2012/11/08,26.4
2012/11/07,34.04
2012/11/06,29.1
2012/11/05,23.13
2012/11/04,18.6
2012/11/03,25.47
2012/11/02,31.66
2012/11/01,21.07
2012/10/31,17.15
2012/10/30,28.83
2012/10/29,25.61
2012/10/28,23.24
2012/10/27,21.63
2012/10/26,30.15
2012/10/25,26.7
2012/10/24,26.41
2012/10/23,23.75
2012/10/22,22.03
2012/10/21,17.92
2012/10/20,24.42
2012/10/19,27.89
2012/10/18,22.24
2012/10/17,15.38
2012/10/16,14.84
2012/10/15,16.1
2012/10/14,17.55
2012/10/13,17.71
2012/10/12,13.15
2012/10/11,10.57
2012/10/10,9.88
2012/10/09,16.03
2012/10/08,14.22
2012/10/07,12.95
2012/10/06,22.31
2012/10/05,27.13
2012/10/04,23.96
2012/10/03,21.67
2012/10/02,23.13
2012/10/01,25.14
2012/09/30,22.12
2012/09/29,14.56
2012/09/28,9.24
2012/09/27,0
2012/09/26,23.96
2012/09/25,20.05
2012/09/24,18.98
2012/09/23,18.37
2012/09/22,21.78
2012/09/21,25.35
2012/09/20,28.46
2012/09/19,23.98
2012/09/18,24.4
2012/09/17,19.42
2012/09/16,14.61
2012/09/15,9.53
2012/09/14,12.13
2012/09/13,16.68
2012/09/12,14.23
2012/09/11,17.39
2012/09/10,16.15
2012/09/09,9.91
2012/09/08,13.59
2012/09/07,14.38
2012/09/06,15.47
2012/09/05,16.28
2012/09/04,12.86
2012/09/03,11.24
2012/09/02,8.41
2012/09/01,13.2
2012/08/31,16.07
2012/08/30,14.68
2012/08/29,13.04
2012/08/28,14.72
2012/08/27,16.24
2012/08/26,10.91
2012/08/25,15.66
2012/08/24,19.12
2012/08/23,10.01
2012/08/22,15.22
2012/08/21,17.77
2012/08/20,0
2012/08/19,12.43
2012/08/18,16.05
2012/08/17,12.33
2012/08/16,10.41
2012/08/15,15.52
2012/08/14,12.51
2012/08/13,8.32
2012/08/12,7.98
2012/08/11,8.19
2012/08/10,9.22
2012/08/09,13.26
2012/08/08,8.26
2012/08/07,11.29
2012/08/06,13.3
2012/08/05,14.6
2012/08/04,14.18
2012/08/03,13.92
2012/08/02,5.91
2012/08/01,8.7
2012/07/31,11.84
2012/07/30,15.23
2012/07/29,10.12
2012/07/28,12.38
2012/07/27,12.26
2012/07/26,12.42
2012/07/25,11.68
2012/07/24,12.4
2012/07/23,12.68
2012/07/22,10.68
2012/07/21,12.96
2012/07/20,13.16
2012/07/19,11.94
2012/07/18,13.06
2012/07/17,10.05
2012/07/16,10.08
2012/07/15,7.24
2012/07/14,7.16
2012/07/13,8.19
2012/07/12,8.67
2012/07/11,7.8
2012/07/10,9.18
2012/07/09,9.24
2012/07/08,8.72
2012/07/07,10.88
2012/07/06,12.04
2012/07/05,13.48
2012/07/04,12.57
2012/07/03,9.36
2012/07/02,8.17
2012/07/01,9.74
2012/06/30,13.06
2012/06/29,12.52
2012/06/28,15.67
2012/06/27,11.97
2012/06/26,8.25
2012/06/25,7.79
2012/06/24,6.43
2012/06/23,9.34
2012/06/22,10.68
2012/06/21,15.78
2012/06/20,8.74
2012/06/19,13.01
2012/06/18,12.22
2012/06/17,10.62
2012/06/16,19.4
2012/06/15,13.85
2012/06/14,21.9
2012/06/13,18.23
2012/06/12,15.32
2012/06/11,6.64
2012/06/10,6.91
2012/06/09,9.33
2012/06/08,10.38
2012/06/07,12.87
2012/06/06,23.84
2012/06/05,18
2012/06/04,16.71
2012/06/03,10.26
2012/06/02,14.36
2012/06/01,18.99
2012/05/31,13.84
2012/05/30,13.93
2012/05/29,16.68
2012/05/28,16.87
2012/05/27,15.07
2012/05/26,16.96
2012/05/25,19.13
2012/05/24,19.02
2012/05/23,20.75
2012/05/22,18.32
2012/05/21,14.33
2012/05/20,11
2012/05/19,14.26
2012/05/18,18.14
2012/05/17,17.81
2012/05/16,16.32
2012/05/15,12.54
2012/05/14,12.09
2012/05/13,12.21
2012/05/12,14.35
2012/05/11,22.16
2012/05/10,25.3
2012/05/09,12.77
2012/05/08,14.54
2012/05/07,17.05
2012/05/06,24.17
2012/05/05,24.66
2012/05/04,21.96
2012/05/03,18.76
2012/05/02,10.73
2012/05/01,8.31
2012/04/30,13.49
2012/04/29,13.43
2012/04/28,26.6
2012/04/27,29.33
2012/04/26,22.94
2012/04/25,10.89
2012/04/24,13.9
2012/04/23,18.19
2012/04/22,17.17
2012/04/21,15.23
2012/04/20,21.3
2012/04/19,23.54
2012/04/18,30.53
2012/04/17,30.58
2012/04/16,19.91
2012/04/15,12.55
2012/04/14,16.55
2012/04/13,15.03
2012/04/12,15.58
2012/04/11,13.26
2012/04/10,19.33
2012/04/09,29.62
2012/04/08,17.69
2012/04/07,27.67
2012/04/06,37.56
2012/04/05,26.98
2012/04/04,27.77
2012/04/03,29.56
2012/04/02,23.27
2012/04/01,22.53
2012/03/31,22.92
2012/03/30,30.7
2012/03/29,25.12
2012/03/28,26.09
2012/03/27,25.37
2012/03/26,24.81
2012/03/25,23.76
2012/03/24,19.94
2012/03/23,19.89
2012/03/22,28.49
2012/03/21,23.21
2012/03/20,28.75
2012/03/19,27.73
2012/03/18,15.04
2012/03/17,19.7
2012/03/16,30.68
2012/03/15,30.77
2012/03/14,30.75
2012/03/13,25.16
2012/03/12,29.03
2012/03/11,20.19
2012/03/10,22.41
2012/03/09,24.35
2012/03/08,28.99
2012/03/07,26.85
2012/03/06,21.78
2012/03/05,20.13
2012/03/04,28.23
2012/03/03,26.04
2012/03/02,29.44
2012/03/01,31.84
2012/02/29,28.18
2012/02/28,22.69
2012/02/27,23.07
2012/02/26,17.67
2012/02/25,24.91
2012/02/24,28.61
2012/02/23,31.45
2012/02/22,40.02
2012/02/21,35.78
2012/02/20,26.39
2012/02/19,15.65
2012/02/18,12.74
2012/02/17,16.43
2012/02/16,18.57
2012/02/15,29.99
2012/02/14,36.38
2012/02/13,26.02
2012/02/12,17
2012/02/11,20.33
2012/02/10,24.66
2012/02/09,26.54
2012/02/08,19.66
2012/02/07,17.66
2012/02/06,26.54
2012/02/05,24.38
2012/02/04,24.68
2012/02/03,20.44
2012/02/02,18.77
2012/02/01,26.69
2012/01/31,16.49
2012/01/30,13.65
2012/01/29,14.35
2012/01/28,21.12
2012/01/27,20.27
2012/01/26,18.88
2012/01/25,12.06
2012/01/24,14.97
2012/01/23,11.42
2012/01/22,15.14
2012/01/21,25.47
2012/01/20,25.15
2012/01/19,25.97
2012/01/18,31.75
2012/01/17,22.86
2012/01/16,18.41
2012/01/15,24.13
2012/01/14,28.69
2012/01/13,36.3
2012/01/12,31.46
2012/01/11,16.46
2012/01/10,17.27
2012/01/09,20.62
2012/01/08,15.66
2012/01/07,18.79
2012/01/06,27.39
2012/01/05,21.59
2012/01/04,19.05
2012/01/03,27.08
2012/01/02,26.95
2012/01/01,14.99
2011/12/31,22.2
2011/12/30,20.08
2011/12/29,22.35
2011/12/28,24.92
2011/12/27,29.82
2011/12/26,28.5
2011/12/25,19.65
2011/12/24,14.13
2011/12/23,14.45
2011/12/22,15.79
2011/12/21,19.71
2011/12/20,25.19
2011/12/19,20.07
2011/12/18,18.92
2011/12/17,14.58
2011/12/16,13.89
2011/12/15,19.41
2011/12/14,23.1
2011/12/13,25.47
2011/12/12,22.01
2011/12/11,16.58
2011/12/10,14.7
2011/12/09,15.18
2011/12/08,20.2
2011/12/07,21.69
2011/12/06,31.89
2011/12/05,39.06
2011/12/04,26.65
2011/12/03,18.64
2011/12/02,16.26
2011/12/01,14.29
2011/11/30,23.16
2011/11/29,27.6
2011/11/28,27.22
2011/11/27,23.52
2011/11/26,34.93
2011/11/25,37.81
2011/11/24,25.63
2011/11/23,17.71
2011/11/22,24.2
2011/11/21,27.34
2011/11/20,16.47
2011/11/19,15.63
2011/11/18,29.29
2011/11/17,29.94
2011/11/16,29.69
2011/11/15,24.44
2011/11/14,19.91
2011/11/13,21.98
2011/11/12,27.91
2011/11/11,25.96
2011/11/10,24.31
2011/11/09,25.16
2011/11/08,25.94
2011/11/07,31.47
2011/11/06,21.55
2011/11/05,21.78
2011/11/04,23.79
2011/11/03,24.83
2011/11/02,27.58
2011/11/01,25.36
2011/10/31,22.06
2011/10/30,20.47
2011/10/29,23.49
2011/10/28,26.99
2011/10/27,22.25
2011/10/26,16.73
2011/10/25,14.68
2011/10/24,24.77
2011/10/23,24.32
2011/10/22,23.51
2011/10/21,23.25
2011/10/20,24.09
2011/10/19,17.09
2011/10/18,18.42
2011/10/17,22.92
2011/10/16,22.25
2011/10/15,18.51
2011/10/14,23.2
2011/10/13,25.68
2011/10/12,23.21
2011/10/11,23.14
2011/10/10,24.75
2011/10/09,27.14
2011/10/08,28.37
2011/10/07,25.28
2011/10/06,22.83
2011/10/05,22.53
2011/10/04,15.2
2011/10/03,12.82
2011/10/02,19.42
2011/10/01,15.14
2011/09/30,18.38
2011/09/29,19.13
2011/09/28,26.57
2011/09/27,24.56
2011/09/26,22.93
2011/09/25,21.96
2011/09/24,24.56
2011/09/23,23.73
2011/09/22,23.79
2011/09/21,23.17
2011/09/20,23.94
2011/09/19,20.1
2011/09/18,16.11
2011/09/17,19.86
2011/09/16,21.17
2011/09/15,18.59
2011/09/14,18.61
2011/09/13,17.74
2011/09/12,12.67
2011/09/11,15.68
2011/09/10,15.78
2011/09/09,22.03
2011/09/08,18.92
2011/09/07,20.29
2011/09/06,21.31
2011/09/05,17.87
2011/09/04,16.2
2011/09/03,15.87
2011/09/02,19.18
2011/09/01,18.07
2011/08/31,15.93
2011/08/30,11.58
2011/08/29,17.11
2011/08/28,15.76
2011/08/27,14.04
2011/08/26,13.56
2011/08/25,16.95
2011/08/24,12.59
2011/08/23,13.26
2011/08/22,11.94
2011/08/21,13.6
2011/08/20,16.39
2011/08/19,14.25
2011/08/18,12.44
2011/08/17,9.36
2011/08/16,9.35
2011/08/15,9.18
2011/08/14,7.67
2011/08/13,9.02
2011/08/12,13.39
2011/08/11,12.22
2011/08/10,12.91
2011/08/09,13.71
2011/08/08,11.29
2011/08/07,7.6
2011/08/06,12.03
2011/08/05,13.03
2011/08/04,14.13
2011/08/03,14.9
2011/08/02,17.64
2011/08/01,15.18
2011/07/31,9.91
2011/07/30,11.69
2011/07/29,12
2011/07/28,16.4
2011/07/27,13.87
2011/07/26,11.8
2011/07/25,11.04
2011/07/24,9.63
2011/07/23,10.24
2011/07/22,11.64
2011/07/21,12.37
2011/07/20,10.42
2011/07/19,8.83
2011/07/18,8.56
2011/07/17,10.01
2011/07/16,9.99
2011/07/15,10.2
2011/07/14,13.98
2011/07/13,13.94
2011/07/12,14.3
2011/07/11,16.95
2011/07/10,11.98
2011/07/09,10.56
2011/07/08,11.77
2011/07/07,13.53
2011/07/06,11.53
2011/07/05,11.42
2011/07/04,9.96
2011/07/03,9.37
2011/07/02,12.79
2011/07/01,12.35
2011/06/30,13.64
2011/06/29,14.96
2011/06/28,13.45
2011/06/27,13.29
2011/06/26,9.73
2011/06/25,12.42
2011/06/24,16.94
2011/06/23,13.96
2011/06/22,20.33
2011/06/21,16.76
2011/06/20,14.63
2011/06/19,12.4
2011/06/18,11.27
2011/06/17,17.79
2011/06/16,15.86
2011/06/15,12.36
2011/06/14,11.37
2011/06/13,11.38
2011/06/12,10.03
2011/06/11,11.7
2011/06/10,16.23
2011/06/09,13.59
2011/06/08,11.21
2011/06/07,10.36
2011/06/06,9.92
2011/06/05,12.34
2011/06/04,13.42
2011/06/03,19.51
2011/06/02,19.3
2011/06/01,19.03
2011/05/31,25.89
2011/05/30,26.61
2011/05/29,20.58
2011/05/28,13.36
2011/05/27,19.4
2011/05/26,28.45
2011/05/25,25.17
2011/05/24,23.47
2011/05/23,16.14
2011/05/22,13.63
2011/05/21,17.79
2011/05/20,19.27
2011/05/19,21.24
2011/05/18,21.38
2011/05/17,27.96
2011/05/16,22.86
2011/05/15,24.32
2011/05/14,30.02
2011/05/13,21.72
2011/05/12,9.19
2011/05/11,9.68
2011/05/10,23.32
2011/05/09,16.78
2011/05/08,12.97
2011/05/07,17.8
2011/05/06,21.44
2011/05/05,25.63
2011/05/04,22.28
2011/05/03,24.19
2011/05/02,23.68
2011/05/01,18.13
2011/04/30,28.48
2011/04/29,43.37
2011/04/28,26.42
2011/04/27,14.44
2011/04/26,25.96
2011/04/25,23.32
2011/04/24,27.98
2011/04/23,19.82
2011/04/22,19.96
2011/04/21,24.39
2011/04/20,27.55
2011/04/19,27.35
2011/04/18,26.64
2011/04/17,25.2
2011/04/16,14.32
2011/04/15,14.76
2011/04/14,24.92
2011/04/13,31.39
2011/04/12,32.71
2011/04/11,26.26
2011/04/10,23.84
2011/04/09,25.81
2011/04/08,22.07
2011/04/07,27.73
2011/04/06,28.18
2011/04/05,16.24
2011/04/04,18.71
2011/04/03,20
2011/04/02,29.64
2011/04/01,34.11
2011/03/31,41.63
2011/03/30,31.79
2011/03/29,20.2
2011/03/28,21.2
2011/03/27,23.5
2011/03/26,23.51
2011/03/25,22.07
2011/03/24,22.23
2011/03/23,19.49
2011/03/22,15.46
2011/03/21,15.24
2011/03/20,20.36
2011/03/19,35.02
2011/03/18,45.1
2011/03/17,29.48
2011/03/16,17.94
2011/03/15,20.92
2011/03/14,27.81
2011/03/13,28.9
2011/03/12,36.57
2011/03/11,38.61
2011/03/10,38.41
2011/03/09,35.98
2011/03/08,32.03
2011/03/07,22.91
2011/03/06,38.7
2011/03/05,38.26
2011/03/04,22.35
2011/03/03,22.72
2011/03/02,24.82
2011/03/01,29.58
2011/02/28,28.27
2011/02/27,32.27
2011/02/26,31.14
2011/02/25,37.7
2011/02/24,40.46
2011/02/23,41.03
2011/02/22,33.96
2011/02/21,25.61
2011/02/20,18.38
2011/02/19,28.95
2011/02/18,26.86
2011/02/17,34.09
2011/02/16,33.35
2011/02/15,25.69
2011/02/14,18.01
2011/02/13,24.54
2011/02/12,20.67
2011/02/11,15.45
2011/02/10,26.22
2011/02/09,29.83
2011/02/08,37.05
2011/02/07,26.67
2011/02/06,25.63
2011/02/05,23.44
2011/02/04,20.18
2011/02/03,18.02
2011/02/02,16.62
2011/02/01,23.35
2011/01/31,20.03
2011/01/30,15.67
2011/01/29,14.62
2011/01/28,19.11
2011/01/27,21.49
2011/01/26,22.41
2011/01/25,27.24
2011/01/24,22.06
2011/01/23,23.11
2011/01/22,26.69
2011/01/21,18.77
2011/01/20,27.23
2011/01/19,24.22
2011/01/18,33.44
2011/01/17,23.35
2011/01/16,14.02
2011/01/15,12.91
2011/01/14,25.94
2011/01/13,32.23
2011/01/12,24.7
2011/01/11,22.6
2011/01/10,21.61
2011/01/09,18.15
2011/01/08,23.58
2011/01/07,20.61
2011/01/06,25.22
2011/01/05,25.99
2011/01/04,22.19
2011/01/03,26.81
2011/01/02,25.38
2011/01/01,24.39
2010/12/31,26.5
2010/12/30,28.46
2010/12/29,45.27
2010/12/28,34.21
2010/12/27,31.68
2010/12/26,15.65
2010/12/25,23.89
2010/12/24,27.11
2010/12/23,44.09
2010/12/22,31.48
2010/12/21,31.17
2010/12/20,38.05
2010/12/19,31.94
2010/12/18,29.68
2010/12/17,24.55
2010/12/16,19.83
2010/12/15,29.73
2010/12/14,27.77
2010/12/13,39.5
2010/12/12,27.77
2010/12/11,39.67
2010/12/10,34.86
2010/12/09,33.89
2010/12/08,21.94
2010/12/07,18.67
2010/12/06,21.91
2010/12/05,27.79
2010/12/04,39.22
2010/12/03,27.25
2010/12/02,29.48
2010/12/01,29.81
2010/11/30,21.53
2010/11/29,21.63
2010/11/28,25.62
2010/11/27,29.15
2010/11/26,25.88
2010/11/25,15.35
2010/11/24,21.69
2010/11/23,16.44
2010/11/22,17.8
2010/11/21,19.97
2010/11/20,21.76
2010/11/19,19.35
2010/11/18,25.5
2010/11/17,24.81
2010/11/16,23.32
2010/11/15,18.87
2010/11/14,24
2010/11/13,29.48
2010/11/12,30.28
2010/11/11,35.19
2010/11/10,33.27
2010/11/09,23.73
2010/11/08,18.91
2010/11/07,16.86
2010/11/06,22.85
2010/11/05,26.31
2010/11/04,29.89
2010/11/03,26.53
2010/11/02,28.73
2010/11/01,23.8
2010/10/31,11.24
2010/10/30,13.45
2010/10/29,12.76
2010/10/28,15.09
2010/10/27,11.45
2010/10/26,12.74
2010/10/25,17.85
2010/10/24,16.41
2010/10/23,20.54
2010/10/22,23.4
2010/10/21,18.52
2010/10/20,15.76
2010/10/19,20.61
2010/10/18,21.87
2010/10/17,24.61
2010/10/16,25.03
2010/10/15,18.8
2010/10/14,23.02
2010/10/13,22.35
2010/10/12,22.64
2010/10/11,26.88
2010/10/10,23.48
2010/10/09,21.76
2010/10/08,23.18
2010/10/07,25.81
2010/10/06,41.27
2010/10/05,29.22
2010/10/04,18.76
2010/10/03,15.83
2010/10/02,18.65
2010/10/01,24.84
2010/09/30,22.57
2010/09/29,18.95
2010/09/28,21.87
2010/09/27,20.4
2010/09/26,15.16
2010/09/25,18.53
2010/09/24,23.76
2010/09/23,19.25
2010/09/22,14.31
2010/09/21,18.51
2010/09/20,19.17
2010/09/19,10.18
2010/09/18,18.76
2010/09/17,18.04
2010/09/16,18.91
2010/09/15,18.92
2010/09/14,21.92
2010/09/13,17.75
2010/09/12,14.79
2010/09/11,13.88
2010/09/10,12.48
2010/09/09,19.77
2010/09/08,17.2
2010/09/07,18.06
2010/09/06,19.65
2010/09/05,15.37
2010/09/04,16.07
2010/09/03,13.65
2010/09/02,16.83
2010/09/01,18.13
2010/08/31,17.77
2010/08/30,13.58
2010/08/29,11.31
2010/08/28,14.6
2010/08/27,15.28
2010/08/26,14.45
2010/08/25,11.79
2010/08/24,13.19
2010/08/23,15.19
2010/08/22,15.73
2010/08/21,17.56
2010/08/20,21.76
2010/08/19,23.41
2010/08/18,15.93
2010/08/17,13.01
2010/08/16,9.88
2010/08/15,8.94
2010/08/14,0
2010/08/11,0
2010/08/10,0
2010/08/09,0
2010/08/08,0
2010/08/07,0
2010/08/06,0
2010/08/05,0
2010/08/04,16.6
2010/08/03,10.62
2010/08/02,10.54
2010/08/01,9.88
2010/07/31,11.06
2010/07/30,12.38
2010/07/29,11.73
2010/07/28,10.7
2010/07/27,9.73
2010/07/26,13.04
2010/07/25,12.59
2010/07/24,12.85
2010/07/23,16.57
2010/07/22,14.37
2010/07/21,11.9
2010/07/20,12.64
2010/07/19,10.74
2010/07/18,9.8
2010/07/17,12.07
2010/07/16,11.29
2010/07/15,13.36
2010/07/14,14.41
2010/07/13,12.01
2010/07/12,13.11
2010/07/11,7.22
2010/07/10,7.54
2010/07/09,10.5
2010/07/08,9.74
2010/07/07,10.5
2010/07/06,9.64
2010/07/05,8.47
2010/07/04,7.53
2010/07/03,8.27
2010/07/02,11.08
2010/07/01,11.24
2010/06/30,12.35
2010/06/29,12.72
2010/06/28,13.46
2010/06/27,11.83
2010/06/26,12.11
2010/06/25,13.49
2010/06/24,11.79
2010/06/23,11.26
2010/06/22,9.09
2010/06/21,10.8
2010/06/20,10.04
2010/06/19,10.23
2010/06/18,9.05
2010/06/17,9.79
2010/06/16,9.47
2010/06/15,14.04
2010/06/14,15.08
2010/06/13,12.36
2010/06/12,18.4
2010/06/11,15.92
2010/06/10,14.89
2010/06/09,17.25
2010/06/08,23.49
2010/06/07,21.44
2010/06/06,16.64
2010/06/05,16.26
2010/06/04,21.23
2010/06/03,26.8
2010/06/02,24.27
2010/06/01,31
2010/05/31,23.76
2010/05/30,21.95
2010/05/29,16.74
2010/05/28,25.99
2010/05/27,28.13
2010/05/26,21.7
2010/05/25,22.08
2010/05/24,23.43
2010/05/23,8.2
2010/05/22,9.4
2010/05/21,14.33
2010/05/20,14.69
2010/05/19,13.83
2010/05/18,16.76
2010/05/17,24.53
2010/05/16,17.38
2010/05/15,27.89
2010/05/14,20.52
2010/05/13,25.84
2010/05/12,28.65
2010/05/11,30.58
2010/05/10,18.71
2010/05/09,13.89
2010/05/08,28.4
2010/05/07,21.79
2010/05/06,19.11
2010/05/05,17.75
2010/05/04,17.25
2010/05/03,23.42
2010/05/02,21.92
2010/05/01,25.85
2010/04/30,23.39
2010/04/29,28.5
2010/04/28,31.05
2010/04/27,36.69
2010/04/26,23.61
2010/04/25,27.15
2010/04/24,34.63
2010/04/23,27.22
2010/04/22,15.26
2010/04/21,17.71
2010/04/20,19.28
2010/04/19,28.95
2010/04/18,25.6
2010/04/17,30.2
2010/04/16,24.36
2010/04/15,22.48
2010/04/14,19.52
2010/04/13,23.25
2010/04/12,18.73
2010/04/11,24.74
2010/04/10,29.8
2010/04/09,31.15
2010/04/08,29.22
2010/04/07,18.49
2010/04/06,32.88
2010/04/05,31.62
2010/04/04,22.5
2010/04/03,26.68
2010/04/02,21.65
2010/04/01,20.06
2010/03/31,26.35
2010/03/30,28.73
2010/03/29,28.06
2010/03/28,19.15
2010/03/27,26.05
2010/03/26,19.57
2010/03/25,18.31
2010/03/24,22.07
2010/03/23,18.96
2010/03/22,26.48
2010/03/21,22.17
2010/03/20,19.2
2010/03/19,29.28
2010/03/18,32.6
2010/03/17,37.02
2010/03/16,23.12
2010/03/15,18.61
2010/03/14,20.52
2010/03/13,34.11
2010/03/12,41.22
2010/03/11,35.17
2010/03/10,22.13
2010/03/09,16.63
2010/03/08,26.85
2010/03/07,18.67
2010/03/06,19.94
2010/03/05,20.67
2010/03/04,23.32
2010/03/03,30.94
2010/03/02,28.99
2010/03/01,25.36
2010/02/28,24.35
2010/02/27,15.06
2010/02/26,13.39
2010/02/25,36.15
2010/02/24,28.12
2010/02/23,36.2
2010/02/22,39.85
2010/02/21,25.93
2010/02/20,26.34
2010/02/19,29.48
2010/02/18,17.8
2010/02/17,19.21
2010/02/16,16.72
2010/02/15,17.88
2010/02/14,21.16
2010/02/13,24.34
2010/02/12,21.42
2010/02/11,18.51
2010/02/10,22.64
2010/02/09,36.57
2010/02/08,40.39
2010/02/07,28.58
2010/02/06,33.25
2010/02/05,27.38
2010/02/04,25.63
2010/02/03,27.7
2010/02/02,32.45
2010/02/01,28.82
2010/01/31,26.67
2010/01/30,36.62
2010/01/29,28.24
2010/01/28,30.08
2010/01/27,34.96
2010/01/26,32.1
2010/01/25,28.44
2010/01/24,26.56
2010/01/23,24.61
2010/01/22,24.32
2010/01/21,30.83
2010/01/20,34.09
2010/01/19,36.03
2010/01/18,26.84
2010/01/17,25.55
2010/01/16,30.17
2010/01/15,33.35
2010/01/14,34.21
2010/01/13,24.83
2010/01/12,20.29
2010/01/11,19.79
2010/01/10,17.82
2010/01/09,20.3
2010/01/08,25.52
2010/01/07,24.41
2010/01/06,25.52
2010/01/05,25.71
2010/01/04,31.18
2010/01/03,20.43
2010/01/02,26.19
2010/01/01,29.27
,
,