Date,O3 (ppb)
2017/06/14,8.6
2017/06/13,15.4
2017/06/12,16.5
2017/06/09,21.7
2017/06/05,21.2
2017/06/04,23
2017/06/03,24.2
2017/06/02,18.9
2017/06/01,11.9
2017/05/31,20.8
2017/05/30,27.5
2017/05/29,41.5
2017/05/28,40.5
2017/05/27,29.1
2017/05/26,34.6
2017/05/25,30.7
2017/05/24,19.7
2017/05/23,28.8
2017/05/22,34.7
2017/05/21,34
2017/05/20,31.6
2017/05/19,26.1
2017/05/18,37.9
2017/05/17,41.1
2017/05/16,22.7
2017/05/15,34.7
2017/05/14,36.1
2017/05/13,17.6
2017/05/12,23
2017/05/11,31.5
2017/05/10,36.4
2017/05/09,22.8
2017/05/08,36.1
2017/05/06,32.9
2017/05/05,27.9
2017/05/04,26.9
2017/05/03,30.3
2017/05/02,15.5
2017/05/01,35.9
2017/04/30,44.4
2017/04/29,45.8
2017/04/28,49.8
2017/04/27,25
2017/04/26,20.4
2017/04/25,4.8
2017/04/24,40.3
2017/04/23,29.2
2017/04/22,31.3
2017/04/21,21.9
2017/04/20,20.1
2017/04/19,10.8
2017/04/18,19.8
2017/04/17,14.5
2017/04/16,20.3
2017/04/15,27.2
2017/04/14,0
2017/04/13,0
2017/04/12,22.8
2017/04/11,8.9
2017/04/10,16
2017/04/09,22.1
2017/04/08,27.9
2017/04/07,27.2
2017/04/06,34.6
2017/04/05,39.3
2017/04/04,46.7
2017/04/03,44.9
2017/04/02,42
2017/04/01,56.3
2017/03/31,33
2017/03/30,30.6
2017/03/29,39.3
2017/03/28,38.3
2017/03/27,28.9
2017/03/26,25.4
2017/03/25,34.2
2017/03/24,26
2017/03/23,35.2
2017/03/22,41.6
2017/03/21,26.8
2017/03/20,25.1
2017/03/19,14.4
2017/03/18,16.7
2017/03/17,20.1
2017/03/16,11.6
2017/03/15,28
2017/03/14,32.9
2017/03/13,37.3
2017/03/12,40.3
2017/03/11,39.9
2017/03/10,28.4
2017/03/09,12
2017/03/08,14.3
2017/03/07,24.6
2017/03/06,32.4
2017/03/05,40.7
2017/03/04,27.6
2017/03/03,25.5
2017/03/02,33.7
2017/03/01,26.8
2017/02/28,24.9
2017/02/27,25.7
2017/02/26,33.9
2017/02/25,18.9
2017/02/24,16.8
2017/02/23,11.7
2017/02/22,16.7
2017/02/21,33.3
2017/02/20,32.4
2017/02/19,31.1
2017/02/18,27.5
2017/02/17,29.2
2017/02/16,23.5
2017/02/15,29
2017/02/14,25.9
2017/02/13,18.8
2017/02/12,30
2017/02/11,37.4
2017/02/10,38.4
2017/02/09,29.1
2017/02/08,22.9
2017/02/07,27.9
2017/02/06,30.4
2017/02/05,15.7
2017/02/04,19.9
2017/02/03,25
2017/02/02,30.2
2017/02/01,27.1
2017/01/31,28.2
2017/01/30,25.5
2017/01/29,27
2017/01/28,27
2017/01/27,23.7
2017/01/26,32.2
2017/01/25,0
2017/01/24,19.9
2017/01/23,23
2017/01/22,30.2
2017/01/21,28
2017/01/20,26
2017/01/19,18
2017/01/18,21.7
2017/01/17,18.6
2017/01/16,14.3
2017/01/15,19.6
2017/01/14,23.9
2017/01/13,12.3
2017/01/12,18.2
2017/01/11,22.3
2017/01/10,20.4
2017/01/09,20.1
2017/01/08,18.1
2017/01/07,17.7
2017/01/06,21.3
2017/01/05,16.2
2017/01/04,18.7
2017/01/03,20.5
2017/01/02,22.2
2017/01/01,22.2
2016/12/31,21.3
2016/12/30,18.2
2016/12/29,26.5
2016/12/28,16.6
2016/12/27,16.6
2016/12/26,20.9
2016/12/25,28.1
2016/12/24,22.8
2016/12/23,26.4
2016/12/22,11.2
2016/12/21,21
2016/12/20,28.6
2016/12/19,25.8
2016/12/18,27.2
2016/12/17,24
2016/12/16,26.4
2016/12/15,29
2016/12/14,23.4
2016/12/13,17.2
2016/12/12,18.6
2016/12/11,23.9
2016/12/10,25.3
2016/12/09,16.4
2016/12/08,22.1
2016/12/07,0
2016/12/06,30.1
2016/12/05,21.1
2016/12/02,27.8
2016/11/29,15.2
2016/11/27,19.6
2016/11/26,23
2016/11/25,21.5
2016/11/24,16.1
2016/11/23,14
2016/11/22,5.6
2016/11/21,9.6
2016/11/20,25.9
2016/11/19,34.8
2016/11/18,26.7
2016/11/17,28.7
2016/11/16,30.2
2016/11/15,27.1
2016/11/14,37.2
2016/11/13,35.1
2016/11/12,25
2016/11/11,14
2016/11/10,17.1
2016/11/09,28.3
2016/11/08,29
2016/11/07,28.1
2016/11/06,38.5
2016/11/05,36.7
2016/11/04,30.2
2016/11/03,30.2
2016/11/02,32.5
2016/11/01,33.3
2016/10/31,28.6
2016/10/30,31.1
2016/10/29,30.8
2016/10/28,34.6
2016/10/27,34.4
2016/10/26,23.8
2016/10/25,24.4
2016/10/24,25.1
2016/10/23,19.1
2016/10/22,18.4
2016/10/21,17.7
2016/10/19,44.3
2016/10/18,34.9
2016/10/17,46.8
2016/10/16,41.8
2016/10/15,38.5
2016/10/14,24.3
2016/10/13,29.7
2016/10/12,23.8
2016/10/11,26.6
2016/10/10,28.9
2016/10/09,26.1
2016/10/08,8.4
2016/10/07,11.1
2016/10/06,35.3
2016/10/05,37.4
2016/10/04,32.7
2016/10/03,30.6
2016/10/02,24.9
2016/10/01,20.1
2016/09/30,19.6
2016/09/29,19.9
2016/09/28,25.2
2016/09/27,11.8
2016/09/26,15.8
2016/09/25,25.6
2016/09/24,35.5
2016/09/23,35.7
2016/09/22,37.7
2016/09/21,34
2016/09/20,35.6
2016/09/19,42.5
2016/09/18,32.7
2016/09/17,10.4
2016/09/16,23
2016/09/15,11.3
2016/09/14,10.2
2016/09/13,38.4
2016/09/12,29.6
2016/09/11,20.3
2016/09/10,20.7
2016/09/09,15
2016/09/08,14.1
2016/09/07,17
2016/09/06,23.9
2016/09/05,39.2
2016/09/04,35.3
2016/09/03,13.5
2016/09/02,20.6
2016/09/01,55.3
2016/08/31,50.7
2016/08/30,38.3
2016/08/29,49.2
2016/08/28,40.1
2016/08/26,41.2
2016/08/25,49
2016/08/24,47.5
2016/08/23,44.3
2016/08/22,30.7
2016/08/21,26.7
2016/08/20,23.9
2016/08/19,21.5
2016/08/18,22.7
2016/08/17,24.2
2016/08/16,23.5
2016/08/15,28.8
2016/08/14,34.4
2016/08/13,26.2
2016/08/12,12.4
2016/08/11,29.6
2016/08/10,30.8
2016/08/09,30.4
2016/08/08,22.5
2016/08/07,30.9
2016/08/06,37.6
2016/08/05,27.9
2016/08/04,21.7
2016/08/03,33.2
2016/08/02,26.6
2016/08/01,27.8
2016/07/31,51.4
2016/07/30,54.1
2016/07/27,26.8
2016/07/26,33
2016/07/25,25
2016/07/24,24.4
2016/07/23,29.4
2016/07/22,26.9
2016/07/21,25
2016/07/20,23.4
2016/07/19,17.2
2016/07/18,15
2016/07/17,20.4
2016/07/16,19.1
2016/07/15,19.4
2016/07/14,19.4
2016/07/13,0
2016/07/13,23.7
2016/07/12,0
2016/07/12,22.6
2016/07/11,19.5
2016/07/11,0
2016/07/10,22.7
2016/07/10,0
2016/07/09,11.9
2016/07/09,0
2016/07/08,10.6
2016/07/08,0
2016/07/07,42.4
2016/07/07,0
2016/07/06,35.2
2016/07/06,0
2016/07/05,0
2016/07/05,25.2
2016/07/04,0
2016/07/04,22.4
2016/07/03,20.4
2016/07/03,0
2016/07/02,27.6
2016/07/02,0
2016/07/01,0
2016/07/01,27.9
2016/06/30,0
2016/06/30,26
2016/06/29,0
2016/06/29,28.6
2016/06/28,0
2016/06/28,24.9
2016/06/27,0
2016/06/27,27.2
2016/06/26,0
2016/06/26,23.2
2016/06/25,21.8
2016/06/25,0
2016/06/24,22.4
2016/06/24,0
2016/06/23,0
2016/06/23,19.4
2016/06/22,0
2016/06/22,19.9
2016/06/21,0
2016/06/21,23.8
2016/06/20,33.5
2016/06/20,0
2016/06/19,24.4
2016/06/19,0
2016/06/18,23.4
2016/06/18,0
2016/06/17,0
2016/06/17,21.6
2016/06/16,18.3
2016/06/16,0
2016/06/15,0
2016/06/15,18.5
2016/06/14,0
2016/06/14,13.7
2016/06/13,0
2016/06/13,16
2016/06/12,16.7
2016/06/12,0
2016/06/11,0
2016/06/11,20.4
2016/06/10,24.3
2016/06/10,0
2016/06/09,0
2016/06/09,38.9
2016/06/08,34.9
2016/06/08,0
2016/06/07,0
2016/06/07,28.1
2016/06/06,11.1
2016/06/06,0
2016/06/05,0
2016/06/05,21.1
2016/06/04,0
2016/06/04,22.5
2016/06/03,23
2016/06/03,0
2016/06/02,0
2016/06/02,22.7
2016/06/01,0
2016/06/01,20
2016/05/31,0
2016/05/31,20.3
2016/05/30,0
2016/05/30,20.9
2016/05/29,0
2016/05/29,22
2016/05/28,0
2016/05/28,24.2
2016/05/27,34.6
2016/05/27,0
2016/05/26,0
2016/05/26,39.6
2016/05/25,28.6
2016/05/25,0
2016/05/24,29
2016/05/24,0
2016/05/23,0
2016/05/23,23.6
2016/05/22,0
2016/05/22,18
2016/05/21,0
2016/05/21,22.7
2016/05/20,28.4
2016/05/20,0
2016/05/19,0
2016/05/19,43.2
2016/05/18,0
2016/05/18,35.3
2016/05/17,33.8
2016/05/17,0
2016/05/16,24.6
2016/05/16,0
2016/05/15,34.9
2016/05/15,0
2016/05/14,47
2016/05/14,0
2016/05/13,44.6
2016/05/13,0
2016/05/12,36.9
2016/05/12,0
2016/05/11,33.6
2016/05/11,0
2016/05/10,19.2
2016/05/10,0
2016/05/09,24.6
2016/05/09,0
2016/05/08,27.9
2016/05/08,0
2016/05/07,0
2016/05/07,23.2
2016/05/06,0
2016/05/06,23.6
2016/05/05,28.3
2016/05/05,0
2016/05/04,20.8
2016/05/04,0
2016/05/03,19.7
2016/05/03,0
2016/05/02,0
2016/05/02,28.1
2016/05/01,0
2016/05/01,28.7
2016/04/30,0
2016/04/29,55.5
2016/04/29,0
2016/04/28,0
2016/04/28,37.4
2016/04/27,0
2016/04/27,18.9
2016/04/26,0
2016/04/26,33.2
2016/04/25,18.5
2016/04/25,0
2016/04/24,19.5
2016/04/24,0
2016/04/23,0
2016/04/23,24.2
2016/04/22,23.2
2016/04/22,0
2016/04/21,21.9
2016/04/21,0
2016/04/20,36
2016/04/20,0
2016/04/19,45.5
2016/04/19,0
2016/04/18,28.5
2016/04/18,0
2016/04/17,0
2016/04/17,17.5
2016/04/16,0
2016/04/16,18.5
2016/04/15,12.6
2016/04/15,0
2016/04/14,26.6
2016/04/14,0
2016/04/13,0
2016/04/13,22.4
2016/04/12,34.6
2016/04/12,0
2016/04/11,0
2016/04/11,20.3
2016/04/10,0
2016/04/10,20.1
2016/04/09,0
2016/04/09,24.6
2016/04/08,0
2016/04/08,20.9
2016/04/07,25.1
2016/04/06,29.7
2016/04/05,18
2016/04/05,0
2016/04/04,0
2016/04/04,19.2
2016/04/03,0
2016/04/03,27.4
2016/04/02,38.9
2016/04/02,0
2016/04/01,0
2016/04/01,28.9
2016/03/31,0
2016/03/31,31.2
2016/03/30,38.7
2016/03/30,0
2016/03/29,0
2016/03/29,35.7
2016/03/28,0
2016/03/28,39.9
2016/03/27,48.8
2016/03/27,0
2016/03/26,0
2016/03/26,42.6
2016/03/25,28.2
2016/03/25,0
2016/03/24,0
2016/03/24,32.6
2016/03/23,12.6
2016/03/23,0
2016/03/22,0
2016/03/22,19.5
2016/03/21,0
2016/03/21,15.5
2016/03/20,0
2016/03/20,12.3
2016/03/19,10.4
2016/03/19,0
2016/03/18,20.3
2016/03/18,0
2016/03/17,0
2016/03/17,15
2016/03/16,8.4
2016/03/15,7.8
2016/03/15,0
2016/03/14,29
2016/03/14,0
2016/03/13,15.5
2016/03/12,0
2016/03/12,9.7
2016/03/11,0
2016/03/11,18.3
2016/03/10,24.3
2016/03/10,0
2016/03/09,0
2016/03/09,12.8
2016/03/08,0
2016/03/08,27.4
2016/03/07,23.8
2016/03/07,0
2016/03/06,0
2016/03/06,23.7
2016/03/05,0
2016/03/05,22.6
2016/03/04,18.9
2016/03/04,0
2016/03/03,27.9
2016/03/03,0
2016/03/02,0
2016/03/02,32.3
2016/03/01,0
2016/03/01,31
2016/02/29,0
2016/02/29,31.6
2016/02/28,0
2016/02/28,23.6
2016/02/27,15.8
2016/02/27,0
2016/02/26,0
2016/02/26,9
2016/02/25,13.9
2016/02/25,0
2016/02/24,0
2016/02/24,31
2016/02/23,24.1
2016/02/23,0
2016/02/22,0
2016/02/22,20.9
2016/02/21,0
2016/02/21,21.3
2016/02/20,28.8
2016/02/20,0
2016/02/19,13.7
2016/02/19,0
2016/02/18,18.2
2016/02/18,0
2016/02/17,0
2016/02/17,10
2016/02/16,16.4
2016/02/16,0
2016/02/15,23.8
2016/02/15,0
2016/02/14,16.2
2016/02/14,0
2016/02/13,17.1
2016/02/13,0
2016/02/12,21.6
2016/02/12,0
2016/02/11,29.1
2016/02/11,0
2016/02/10,23.8
2016/02/10,0
2016/02/09,0
2016/02/09,29.3
2016/02/08,0
2016/02/08,28.2
2016/02/07,48.4
2016/02/07,0
2016/02/06,0
2016/02/06,57.1
2016/02/05,0
2016/02/05,32
2016/02/04,0
2016/02/04,12.4
2016/02/03,0
2016/02/03,15.8
2016/02/02,22.6
2016/02/02,0
2016/02/01,0
2016/01/31,0
2016/01/30,0
2016/01/30,0
2016/01/29,6.5
2016/01/29,0
2016/01/28,5
2016/01/28,0
2016/01/27,0
2016/01/27,8.5
2016/01/26,19
2016/01/26,0
2016/01/25,30
2016/01/25,0
2016/01/24,0
2016/01/24,35.7
2016/01/23,0
2016/01/23,27.9
2016/01/22,14.1
2016/01/22,0
2016/01/21,12
2016/01/21,0
2016/01/20,17.1
2016/01/20,0
2016/01/19,0
2016/01/18,0
2016/01/18,27.2
2016/01/17,13.6
2016/01/17,0
2016/01/16,17
2016/01/16,0
2016/01/15,4
2016/01/15,0
2016/01/14,21.9
2016/01/14,0
2016/01/13,0
2016/01/13,20.3
2016/01/12,0
2016/01/11,13.8
2016/01/11,0
2016/01/10,18.5
2016/01/10,0
2016/01/09,0
2016/01/09,27.5
2016/01/08,21
2016/01/08,0
2016/01/07,0
2016/01/07,26.2
2016/01/06,0
2016/01/06,16.6
2016/01/05,0
2016/01/05,9.8
2016/01/04,0
2016/01/04,10.4
2016/01/03,7.9
2016/01/03,0
2016/01/02,0
2016/01/02,15.7
2016/01/01,0
2016/01/01,24
2015/12/31,0
2015/12/31,27.2
2015/12/30,0
2015/12/30,11.9
2015/12/29,21.5
2015/12/29,0
2015/12/28,0
2015/12/28,34.1
2015/12/27,0
2015/12/27,21.6
2015/12/26,0
2015/12/26,12.8
2015/12/25,12.3
2015/12/25,0
2015/12/24,6.8
2015/12/24,0
2015/12/23,6.3
2015/12/23,0
2015/12/22,6.5
2015/12/22,0
2015/12/21,3.5
2015/12/21,0
2015/12/20,6.7
2015/12/20,0
2015/12/19,7.2
2015/12/19,0
2015/12/18,8.5
2015/12/18,0
2015/12/17,0
2015/12/17,23.1
2015/12/16,36.7
2015/12/16,0
2015/12/15,21.2
2015/12/15,0
2015/12/14,20.9
2015/12/14,0
2015/12/13,0
2015/12/13,21.7
2015/12/12,0
2015/12/12,20.2
2015/12/11,0
2015/12/11,18.6
2015/12/10,0
2015/12/10,21
2015/12/09,0
2015/12/09,16.4
2015/12/08,0
2015/12/08,20.1
2015/12/07,0
2015/12/07,18.5
2015/12/06,0
2015/12/06,22.1
2015/12/05,0
2015/12/05,28.6
2015/12/04,0
2015/12/04,16
2015/12/03,21.5
2015/12/03,0
2015/12/02,30.2
2015/12/02,0
2015/12/01,24.1
2015/11/30,20.1
2015/11/29,29.2
2015/11/28,34.2
2015/11/27,28.5
2015/11/26,0
2015/11/26,30.4
2015/11/25,0
2015/11/25,32.3
2015/11/24,0
2015/11/24,23
2015/11/23,22.4
2015/11/23,0
2015/11/22,0
2015/11/22,25.9
2015/11/21,0
2015/11/21,15.5
2015/11/20,27.4
2015/11/20,0
2015/11/19,24.2
2015/11/19,0
2015/11/18,22.4
2015/11/18,0
2015/11/17,30.4
2015/11/17,0
2015/11/16,0
2015/11/16,22.8
2015/11/15,0
2015/11/15,23.2
2015/11/14,0
2015/11/14,21.6
2015/11/13,0
2015/11/13,26.7
2015/11/12,0
2015/11/12,34.7
2015/11/11,21.2
2015/11/11,0
2015/11/10,0
2015/11/10,27.3
2015/11/09,23.1
2015/11/09,0
2015/11/08,0
2015/11/08,30
2015/11/07,32.7
2015/11/07,0
2015/11/06,0
2015/11/06,32.3
2015/11/05,31.5
2015/11/05,0
2015/11/04,39.4
2015/11/04,0
2015/11/03,24.2
2015/11/02,22.3
2015/11/01,17.8
2015/10/31,28.9
2015/10/30,31.5
2015/10/30,0
2015/10/29,0
2015/10/29,34.6
2015/10/28,0
2015/10/28,41.8
2015/10/27,0
2015/10/27,38.4
2015/10/26,0
2015/10/26,29.9
2015/10/25,0
2015/10/25,28.4
2015/10/24,0
2015/10/24,26
2015/10/23,0
2015/10/23,32.4
2015/10/22,0
2015/10/22,25.2
2015/10/21,21.2
2015/10/21,0
2015/10/20,0
2015/10/20,34.8
2015/10/19,0
2015/10/19,29.4
2015/10/18,0
2015/10/18,32.8
2015/10/17,29.4
2015/10/17,0
2015/10/16,27.3
2015/10/16,0
2015/10/15,36.4
2015/10/15,0
2015/10/14,0
2015/10/14,36.7
2015/10/13,45.4
2015/10/13,0
2015/10/12,0
2015/10/12,31.3
2015/10/11,0
2015/10/11,35.3
2015/10/10,29.2
2015/10/10,0
2015/10/09,27.4
2015/10/09,0
2015/10/08,0
2015/10/08,29.9
2015/10/07,38.6
2015/10/07,0
2015/10/06,42.3
2015/10/06,0
2015/10/05,0
2015/10/05,33.9
2015/10/04,40.2
2015/10/04,0
2015/10/03,45.6
2015/10/03,0
2015/10/02,0
2015/10/02,36.8
2015/10/01,23.5
2015/10/01,0
2015/09/30,0
2015/09/30,32.5
2015/09/29,0
2015/09/29,27
2015/09/28,0
2015/09/28,26.6
2015/09/27,0
2015/09/27,51
2015/09/26,0
2015/09/26,37.9
2015/09/25,41.3
2015/09/25,0
2015/09/24,0
2015/09/24,33
2015/09/23,35.6
2015/09/23,0
2015/09/22,39.1
2015/09/22,0
2015/09/21,0
2015/09/21,44
2015/09/20,0
2015/09/20,59.5
2015/09/19,53.8
2015/09/19,0
2015/09/18,44.8
2015/09/18,0
2015/09/17,0
2015/09/17,48.6
2015/09/16,0
2015/09/16,42
2015/09/15,46.9
2015/09/15,0
2015/09/14,47.1
2015/09/14,0
2015/09/13,44.2
2015/09/13,0
2015/09/12,47.6
2015/09/12,0
2015/09/11,42.3
2015/09/11,0
2015/09/10,42.1
2015/09/10,0
2015/09/09,0
2015/09/09,51
2015/09/08,0
2015/09/08,38.2
2015/09/07,18.3
2015/09/07,0
2015/09/06,24
2015/09/06,0
2015/09/05,25.5
2015/09/05,0
2015/09/04,0
2015/09/04,17.5
2015/09/03,21
2015/09/03,0
2015/09/02,21.4
2015/09/02,0
2015/09/01,17.6
2015/09/01,0
2015/08/31,7.2
2015/08/31,0
2015/08/30,0
2015/08/30,11.9
2015/08/29,0
2015/08/29,13.5
2015/08/28,0
2015/08/28,14
2015/08/27,0
2015/08/27,20.3
2015/08/26,33.1
2015/08/26,0
2015/08/25,39
2015/08/25,0
2015/08/24,0
2015/08/24,22.5
2015/08/23,24.2
2015/08/23,0
2015/08/22,59.3
2015/08/22,0
2015/08/21,59
2015/08/21,0
2015/08/20,32.3
2015/08/20,0
2015/08/19,0
2015/08/19,26.8
2015/08/18,16.8
2015/08/18,0
2015/08/17,1.4
2015/08/17,0
2015/08/16,5
2015/08/16,0
2015/08/15,10.9
2015/08/15,0
2015/08/14,9.2
2015/08/14,0
2015/08/13,0
2015/08/13,19.8
2015/08/12,0
2015/08/12,19.5
2015/08/11,0
2015/08/11,17.7
2015/08/10,0
2015/08/10,13.5
2015/08/09,0
2015/08/09,19.1
2015/08/08,0
2015/08/08,20.5
2015/08/07,0
2015/08/07,20.8
2015/08/06,32.9
2015/08/06,0
2015/08/05,0
2015/08/05,0
2015/08/04,0
2015/08/04,0
2015/08/03,22
2015/08/03,0
2015/08/02,0
2015/08/02,22.2
2015/08/01,19.6
2015/08/01,0
2015/07/31,0
2015/07/31,22.9
2015/07/30,0
2015/07/30,22.6
2015/07/29,0
2015/07/29,22.1
2015/07/28,17.9
2015/07/28,0
2015/07/27,0
2015/07/27,20
2015/07/26,25.1
2015/07/26,0
2015/07/25,0
2015/07/25,24.7
2015/07/24,21
2015/07/24,0
2015/07/23,0
2015/07/23,23.8
2015/07/22,16.1
2015/07/22,0
2015/07/21,0
2015/07/21,17.1
2015/07/20,15.3
2015/07/20,0
2015/07/19,21.8
2015/07/19,0
2015/07/18,45
2015/07/18,0
2015/07/17,0
2015/07/17,32.7
2015/07/16,41.9
2015/07/16,0
2015/07/15,0
2015/07/15,40.3
2015/07/14,30.3
2015/07/14,0
2015/07/13,0
2015/07/13,30.1
2015/07/12,0
2015/07/12,29.3
2015/07/11,31
2015/07/11,0
2015/07/10,0
2015/07/10,18.7
2015/07/09,0
2015/07/09,27.8
2015/07/08,27.6
2015/07/08,0
2015/07/07,32.7
2015/07/07,0
2015/07/06,33.2
2015/07/06,0
2015/07/05,35.9
2015/07/05,0
2015/07/04,30.8
2015/07/04,0
2015/07/03,27
2015/07/03,0
2015/07/02,0
2015/07/02,27.6
2015/07/01,0
2015/07/01,25.1
2015/06/30,0
2015/06/30,20.5
2015/06/29,0
2015/06/29,17.8
2015/06/28,22.8
2015/06/28,0
2015/06/27,0
2015/06/27,21.2
2015/06/26,0
2015/06/26,23.2
2015/06/25,0
2015/06/25,21.9
2015/06/24,21
2015/06/24,0
2015/06/23,0
2015/06/23,18.9
2015/06/22,0
2015/06/22,24.7
2015/06/21,28
2015/06/21,0
2015/06/20,0
2015/06/20,26.7
2015/06/19,23.2
2015/06/19,0
2015/06/18,19.3
2015/06/18,0
2015/06/17,20.8
2015/06/17,0
2015/06/16,0
2015/06/16,18.1
2015/06/15,15.6
2015/06/15,0
2015/06/14,18.5
2015/06/14,0
2015/06/13,20.4
2015/06/13,0
2015/06/12,19.4
2015/06/12,0
2015/06/11,0
2015/06/11,18.9
2015/06/10,23.8
2015/06/10,0
2015/06/09,20.9
2015/06/09,0
2015/06/08,20.4
2015/06/08,0
2015/06/07,0
2015/06/07,18.8
2015/06/06,0
2015/06/06,12
2015/06/05,0
2015/06/05,17.2
2015/06/04,20
2015/06/04,0
2015/06/03,0
2015/06/03,17.8
2015/06/02,19.9
2015/06/02,0
2015/06/01,0
2015/06/01,16.7
2015/05/31,21.6
2015/05/31,0
2015/05/30,0
2015/05/30,22.8
2015/05/29,19.9
2015/05/29,0
2015/05/28,12.6
2015/05/28,0
2015/05/27,11.9
2015/05/27,0
2015/05/26,0
2015/05/26,14.4
2015/05/25,0
2015/05/25,17.6
2015/05/24,20.9
2015/05/24,0
2015/05/23,22.3
2015/05/23,0
2015/05/22,21.8
2015/05/22,0
2015/05/21,9.8
2015/05/21,0
2015/05/20,8.7
2015/05/20,0
2015/05/19,19.1
2015/05/19,0
2015/05/18,0
2015/05/18,0
2015/05/17,0
2015/05/17,0
2015/05/16,0
2015/05/16,0
2015/05/15,0
2015/05/15,23
2015/05/14,0
2015/05/14,20
2015/05/13,0
2015/05/13,48.5
2015/05/12,0
2015/05/12,33.7
2015/05/11,22.1
2015/05/11,0
2015/05/10,29.2
2015/05/10,0
2015/05/09,19.5
2015/05/09,0
2015/05/08,0
2015/05/08,28.4
2015/05/07,28.8
2015/05/07,0
2015/05/06,0
2015/05/06,33.1
2015/05/05,0
2015/05/05,15.8
2015/05/04,20.5
2015/05/04,0
2015/05/03,19.7
2015/05/03,0
2015/05/02,31.4
2015/05/02,0
2015/05/01,31
2015/05/01,0
2015/04/30,0
2015/04/30,37.8
2015/04/29,0
2015/04/29,24.6
2015/04/28,27.8
2015/04/28,0
2015/04/27,34.1
2015/04/27,0
2015/04/26,0
2015/04/26,41.9
2015/04/25,43.8
2015/04/25,0
2015/04/24,48.2
2015/04/24,0
2015/04/23,42.1
2015/04/23,0
2015/04/22,0
2015/04/22,31.6
2015/04/21,27.7
2015/04/21,0
2015/04/20,0
2015/04/20,16.4
2015/04/19,13.4
2015/04/19,0
2015/04/18,0
2015/04/18,20.8
2015/04/17,38.2
2015/04/17,0
2015/04/16,45
2015/04/16,0
2015/04/15,54
2015/04/15,0
2015/04/14,49.9
2015/04/14,0
2015/04/13,46
2015/04/13,0
2015/04/12,28.7
2015/04/12,0
2015/04/11,16.6
2015/04/11,0
2015/04/10,0
2015/04/10,14.2
2015/04/09,0
2015/04/09,31.4
2015/04/08,31.7
2015/04/08,0
2015/04/07,0
2015/04/07,28.4
2015/04/06,0
2015/04/06,24
2015/04/05,0
2015/04/05,19.6
2015/04/04,0
2015/04/04,28.1
2015/04/03,24.8
2015/04/03,0
2015/04/02,0
2015/04/02,22.7
2015/04/01,0
2015/04/01,23.5
2015/03/31,0
2015/03/31,30.2
2015/03/30,0
2015/03/30,34.7
2015/03/29,0
2015/03/29,40.1
2015/03/28,28.6
2015/03/28,0
2015/03/27,20.6
2015/03/27,0
2015/03/26,0
2015/03/26,22.1
2015/03/25,0
2015/03/25,12.5
2015/03/24,0
2015/03/24,38.2
2015/03/23,21.6
2015/03/23,0
2015/03/22,38.9
2015/03/22,0
2015/03/21,0
2015/03/21,23.8
2015/03/20,0
2015/03/20,17.7
2015/03/19,22.1
2015/03/19,0
2015/03/18,0
2015/03/18,35
2015/03/17,19.8
2015/03/17,0
2015/03/16,22.9
2015/03/16,0
2015/03/15,38.1
2015/03/15,0
2015/03/14,0
2015/03/14,35.2
2015/03/13,28.7
2015/03/13,0
2015/03/12,0
2015/03/12,13.2
2015/03/11,9.4
2015/03/11,0
2015/03/10,0
2015/03/10,21.7
2015/03/09,27.6
2015/03/09,0
2015/03/08,0
2015/03/08,19.6
2015/03/07,0
2015/03/07,16.9
2015/03/06,0
2015/03/06,17.7
2015/03/05,0
2015/03/05,19.7
2015/03/04,19.8
2015/03/04,0
2015/03/03,0
2015/03/03,28.6
2015/03/02,18.2
2015/03/02,0
2015/03/01,0
2015/03/01,19.7
2015/02/28,0
2015/02/28,27.8
2015/02/27,0
2015/02/27,28.9
2015/02/26,0
2015/02/26,18.4
2015/02/25,0
2015/02/25,19.2
2015/02/24,0
2015/02/24,20.1
2015/02/23,11.1
2015/02/23,0
2015/02/22,21.3
2015/02/22,0
2015/02/21,0
2015/02/21,25.4
2015/02/20,0
2015/02/20,28.7
2015/02/19,32.2
2015/02/19,0
2015/02/18,0
2015/02/18,31.1
2015/02/17,29.1
2015/02/17,0
2015/02/16,0
2015/02/16,30.5
2015/02/15,40.1
2015/02/15,0
2015/02/14,33.9
2015/02/14,0
2015/02/13,0
2015/02/13,29.7
2015/02/12,30.9
2015/02/12,0
2015/02/11,24.4
2015/02/11,0
2015/02/10,24
2015/02/10,0
2015/02/09,34.5
2015/02/09,0
2015/02/08,0
2015/02/08,40.5
2015/02/07,0
2015/02/07,20.2
2015/02/06,0
2015/02/06,23.5
2015/02/05,28.6
2015/02/05,0
2015/02/04,0
2015/02/04,23.6
2015/02/03,22
2015/02/03,0
2015/02/02,0
2015/02/02,25.8
2015/02/01,0
2015/02/01,24.3
2015/01/31,24
2015/01/31,0
2015/01/30,20.3
2015/01/30,0
2015/01/29,22.7
2015/01/29,0
2015/01/28,0
2015/01/28,24.1
2015/01/27,0
2015/01/27,15.5
2015/01/26,0
2015/01/26,16.2
2015/01/25,0
2015/01/25,34.4
2015/01/24,31.2
2015/01/24,0
2015/01/23,0
2015/01/23,28.1
2015/01/22,34.3
2015/01/22,0
2015/01/21,0
2015/01/21,31.6
2015/01/20,0
2015/01/20,34.6
2015/01/19,23.7
2015/01/19,0
2015/01/18,0
2015/01/18,24.7
2015/01/17,31.2
2015/01/17,0
2015/01/16,0
2015/01/16,14.5
2015/01/15,18.6
2015/01/15,0
2015/01/14,23.7
2015/01/14,0
2015/01/13,25.2
2015/01/13,0
2015/01/12,25.4
2015/01/12,0
2015/01/11,0
2015/01/11,25.7
2015/01/10,0
2015/01/10,23.7
2015/01/09,0
2015/01/09,26.7
2015/01/08,28.7
2015/01/08,0
2015/01/07,20.1
2015/01/07,0
2015/01/06,0
2015/01/06,18.9
2015/01/05,0
2015/01/05,22.1
2015/01/04,0
2015/01/04,23.8
2015/01/03,0
2015/01/03,20.2
2015/01/02,20.5
2015/01/02,0
2015/01/01,24
2015/01/01,0
2014/12/31,0
2014/12/31,21.8
2014/12/30,0
2014/12/30,20.2
2014/12/29,33.6
2014/12/29,0
2014/12/28,0
2014/12/28,23.4
2014/12/27,0
2014/12/27,9.8
2014/12/26,14.6
2014/12/26,0
2014/12/25,10
2014/12/25,0
2014/12/24,21.8
2014/12/24,0
2014/12/23,17.3
2014/12/22,29.4
2014/12/22,0
2014/12/21,0
2014/12/21,20.3
2014/12/20,0
2014/12/20,20.3
2014/12/19,10.3
2014/12/19,0
2014/12/18,0
2014/12/18,18.4
2014/12/17,0
2014/12/17,26.4
2014/12/16,26.8
2014/12/16,0
2014/12/15,0
2014/12/15,17.6
2014/12/14,24.8
2014/12/14,0
2014/12/13,22.6
2014/12/13,0
2014/12/12,0
2014/12/12,19.9
2014/12/11,0
2014/12/11,16.6
2014/12/10,0
2014/12/10,20.4
2014/12/09,21.9
2014/12/09,0
2014/12/08,0
2014/12/08,21.7
2014/12/07,0
2014/12/06,0
2014/12/06,24.6
2014/12/05,20.8
2014/12/05,0
2014/12/04,0
2014/12/04,16.6
2014/12/03,15
2014/12/03,0
2014/12/02,0
2014/12/02,16.6
2014/12/01,23.4
2014/12/01,0
2014/11/30,0
2014/11/30,24.4
2014/11/29,0
2014/11/29,30.5
2014/11/28,0
2014/11/28,17.8
2014/11/27,0
2014/11/27,13.4
2014/11/26,0
2014/11/26,25.4
2014/11/25,33.1
2014/11/25,0
2014/11/24,0
2014/11/24,28.9
2014/11/23,0
2014/11/23,34.7
2014/11/22,0
2014/11/22,27.3
2014/11/21,0
2014/11/21,32.6
2014/11/20,0
2014/11/20,20.5
2014/11/19,0
2014/11/19,31.3
2014/11/18,37.9
2014/11/18,0
2014/11/17,0
2014/11/17,29.7
2014/11/16,26.4
2014/11/16,0
2014/11/15,0
2014/11/15,9.7
2014/11/14,12.2
2014/11/14,0
2014/11/13,30.6
2014/11/13,0
2014/11/12,17.6
2014/11/12,0
2014/11/11,27.5
2014/11/11,0
2014/11/10,0
2014/11/10,25.4
2014/11/09,0
2014/11/09,29.5
2014/11/08,0
2014/11/08,41.5
2014/11/07,32.6
2014/11/07,0
2014/11/06,34.7
2014/11/06,0
2014/11/05,32.1
2014/11/05,0
2014/11/04,0
2014/11/04,26
2014/11/03,40.8
2014/11/03,0
2014/11/02,0
2014/11/02,32.4
2014/11/01,0
2014/11/01,42
2014/10/31,40.4
2014/10/31,0
2014/10/30,42
2014/10/30,0
2014/10/29,38.5
2014/10/29,0
2014/10/28,35.5
2014/10/28,0
2014/10/27,29
2014/10/27,0
2014/10/26,33.5
2014/10/26,0
2014/10/25,0
2014/10/25,36
2014/10/24,0
2014/10/24,36.2
2014/10/23,37.3
2014/10/23,0
2014/10/22,31
2014/10/22,0
2014/10/21,31.5
2014/10/21,0
2014/10/20,44.7
2014/10/20,0
2014/10/19,0
2014/10/19,49.8
2014/10/18,0
2014/10/18,40.8
2014/10/17,0
2014/10/17,41.9
2014/10/16,39.8
2014/10/16,0
2014/10/15,0
2014/10/15,46.6
2014/10/14,41
2014/10/14,0
2014/10/13,39.7
2014/10/13,0
2014/10/12,0
2014/10/12,42.3
2014/10/11,0
2014/10/11,37
2014/10/10,25
2014/10/10,0
2014/10/09,28.6
2014/10/09,0
2014/10/08,36
2014/10/08,0
2014/10/07,44.8
2014/10/07,0
2014/10/06,0
2014/10/06,44
2014/10/05,48.7
2014/10/05,0
2014/10/04,0
2014/10/04,52.5
2014/10/03,40.8
2014/10/03,0
2014/10/02,0
2014/10/02,37.4
2014/10/01,0
2014/10/01,38.3
2014/09/30,0
2014/09/30,41.6
2014/09/29,0
2014/09/29,55.1
2014/09/28,0
2014/09/28,42.9
2014/09/27,39.1
2014/09/27,0
2014/09/26,0
2014/09/26,33.9
2014/09/25,0
2014/09/25,33.8
2014/09/24,0
2014/09/24,27.2
2014/09/23,0
2014/09/23,34.7
2014/09/22,0
2014/09/22,38.4
2014/09/21,22
2014/09/21,0
2014/09/20,0
2014/09/20,33
2014/09/19,0
2014/09/19,46.3
2014/09/18,40.6
2014/09/18,0
2014/09/17,32.4
2014/09/17,0
2014/09/16,29
2014/09/16,0
2014/09/15,37.9
2014/09/15,0
2014/09/14,32.4
2014/09/14,0
2014/09/13,19.7
2014/09/13,0
2014/09/12,18.1
2014/09/12,0
2014/09/11,0
2014/09/11,26.1
2014/09/10,16.4
2014/09/09,21.2
2014/09/08,24.4
2014/09/07,38.2
2014/09/06,37.8
2014/09/05,40.2
2014/09/04,38.8
2014/09/03,22.1
2014/09/02,25.4
2014/09/01,26
2014/09/01,0
2014/08/31,0
2014/08/31,32.3
2014/08/30,0
2014/08/30,35.1
2014/08/29,0
2014/08/29,24
2014/08/28,27.8
2014/08/28,0
2014/08/27,33.1
2014/08/27,0
2014/08/26,27.7
2014/08/26,0
2014/08/25,23.1
2014/08/24,0
2014/08/24,30.7
2014/08/23,0
2014/08/23,21.8
2014/08/22,24.6
2014/08/22,0
2014/08/21,20.9
2014/08/21,0
2014/08/20,0
2014/08/19,0
2014/08/19,21.2
2014/08/18,0
2014/08/18,17.9
2014/08/17,0
2014/08/17,28.4
2014/08/16,29.6
2014/08/16,0
2014/08/15,25.7
2014/08/15,0
2014/08/14,20.1
2014/08/14,0
2014/08/13,20.2
2014/08/13,0
2014/08/12,26.2
2014/08/12,0
2014/08/11,0
2014/08/11,25.6
2014/08/10,0
2014/08/10,21.8
2014/08/09,26.5
2014/08/09,0
2014/08/08,35.5
2014/08/08,0
2014/08/07,0
2014/08/07,32.1
2014/08/06,36.1
2014/08/06,0
2014/08/05,24.1
2014/08/05,0
2014/08/04,33.6
2014/08/04,0
2014/08/03,0
2014/08/03,27.5
2014/08/02,41.1
2014/08/02,0
2014/08/01,0
2014/08/01,48.8
2014/07/31,0
2014/07/31,26.7
2014/07/30,0
2014/07/30,36.6
2014/07/29,40.5
2014/07/29,0
2014/07/28,40.1
2014/07/28,0
2014/07/27,35.8
2014/07/27,0
2014/07/26,0
2014/07/26,29.6
2014/07/25,0
2014/07/25,23.4
2014/07/24,23.9
2014/07/24,0
2014/07/23,0
2014/07/23,22.9
2014/07/22,53.9
2014/07/22,0
2014/07/21,0
2014/07/21,44
2014/07/20,38.2
2014/07/20,0
2014/07/19,26.3
2014/07/19,0
2014/07/18,0
2014/07/18,35.5
2014/07/17,46.2
2014/07/17,0
2014/07/16,0
2014/07/16,31.4
2014/07/15,20.8
2014/07/15,0
2014/07/14,0
2014/07/14,22.9
2014/07/13,0
2014/07/13,24.5
2014/07/12,0
2014/07/12,26.6
2014/07/11,0
2014/07/11,23.1
2014/07/10,0
2014/07/10,25
2014/07/09,32.1
2014/07/09,0
2014/07/08,24.2
2014/07/08,0
2014/07/07,31
2014/07/07,0
2014/07/06,0
2014/07/06,35.1
2014/07/05,0
2014/07/05,29.4
2014/07/04,0
2014/07/04,23.9
2014/07/03,24.8
2014/07/03,0
2014/07/02,0
2014/07/02,27.3
2014/07/01,0
2014/07/01,26.8
2014/06/30,0
2014/06/30,23.5
2014/06/29,0
2014/06/29,26.8
2014/06/28,0
2014/06/28,23.3
2014/06/27,0
2014/06/27,20.3
2014/06/26,0
2014/06/26,17.6
2014/06/25,22.7
2014/06/25,0
2014/06/24,25.8
2014/06/24,0
2014/06/23,0
2014/06/23,24.5
2014/06/22,0
2014/06/22,28.1
2014/06/21,0
2014/06/21,23.9
2014/06/20,19.5
2014/06/20,0
2014/06/19,21.8
2014/06/19,0
2014/06/18,20.8
2014/06/18,0
2014/06/17,0
2014/06/17,24
2014/06/16,28.2
2014/06/16,0
2014/06/15,0
2014/06/15,24.6
2014/06/14,0
2014/06/14,25
2014/06/13,0
2014/06/13,44.4
2014/06/12,36.2
2014/06/12,0
2014/06/11,0
2014/06/11,29.4
2014/06/10,25.8
2014/06/10,0
2014/06/09,0
2014/06/09,30.4
2014/06/08,25
2014/06/08,0
2014/06/07,0
2014/06/07,21.5
2014/06/06,25.8
2014/06/06,0
2014/06/05,0
2014/06/05,24.8
2014/06/04,0
2014/06/04,36.9
2014/06/03,11.4
2014/06/03,0
2014/06/02,0
2014/06/02,18.7
2014/06/01,0
2014/06/01,26.3
2014/05/31,23.1
2014/05/31,0
2014/05/30,0
2014/05/30,15.1
2014/05/29,20.9
2014/05/29,0
2014/05/28,0
2014/05/28,30.8
2014/05/27,25.4
2014/05/27,0
2014/05/26,0
2014/05/26,19.5
2014/05/25,25.1
2014/05/25,0
2014/05/24,0
2014/05/24,25.6
2014/05/23,15.1
2014/05/23,0
2014/05/22,0
2014/05/22,10.6
2014/05/21,0
2014/05/21,11.8
2014/05/20,12.4
2014/05/20,0
2014/05/19,6.3
2014/05/19,0
2014/05/18,11.3
2014/05/18,0
2014/05/17,19.4
2014/05/17,0
2014/05/16,0
2014/05/16,22.7
2014/05/15,0
2014/05/15,14.3
2014/05/14,14.7
2014/05/14,0
2014/05/13,0
2014/05/13,10.3
2014/05/12,14.2
2014/05/12,0
2014/05/11,20.6
2014/05/11,0
2014/05/10,23.2
2014/05/10,0
2014/05/09,14.2
2014/05/09,0
2014/05/08,18.9
2014/05/08,0
2014/05/07,0
2014/05/07,13
2014/05/06,20.9
2014/05/06,0
2014/05/05,0
2014/05/05,36.9
2014/05/04,0
2014/05/04,37.3
2014/05/03,36.4
2014/05/03,0
2014/05/02,0
2014/05/02,34.6
2014/05/01,0
2014/05/01,27.4
2014/04/30,0
2014/04/30,31.6
2014/04/29,0
2014/04/29,37
2014/04/28,0
2014/04/28,36.3
2014/04/27,0
2014/04/27,25.6
2014/04/26,0
2014/04/26,21.2
2014/04/25,30.1
2014/04/25,0
2014/04/24,30.8
2014/04/24,0
2014/04/23,0
2014/04/23,34.3
2014/04/22,0
2014/04/22,25.6
2014/04/21,0
2014/04/21,28.7
2014/04/20,26.3
2014/04/20,0
2014/04/19,28
2014/04/19,0
2014/04/18,31.2
2014/04/18,0
2014/04/17,0
2014/04/17,45.6
2014/04/16,51.3
2014/04/16,0
2014/04/15,0
2014/04/15,48.7
2014/04/14,0
2014/04/14,38.9
2014/04/13,0
2014/04/13,31.9
2014/04/12,0
2014/04/11,36
2014/04/11,0
2014/04/10,0
2014/04/10,33.7
2014/04/09,0
2014/04/09,30
2014/04/08,0
2014/04/08,32.1
2014/04/07,32.7
2014/04/07,0
2014/04/06,0
2014/04/06,41.5
2014/04/05,0
2014/04/05,40
2014/04/04,0
2014/04/04,33.9
2014/04/03,28.4
2014/04/03,0
2014/04/02,0
2014/04/02,18.1
2014/04/01,0
2014/04/01,31.7
2014/03/31,0
2014/03/31,35
2014/03/30,0
2014/03/30,32.8
2014/03/29,18.3
2014/03/29,0
2014/03/28,29.9
2014/03/28,0
2014/03/27,0
2014/03/27,26.4
2014/03/26,0
2014/03/26,22.3
2014/03/25,28.6
2014/03/25,0
2014/03/24,29.7
2014/03/24,0
2014/03/23,30.3
2014/03/22,0
2014/03/22,24
2014/03/21,36.4
2014/03/21,0
2014/03/20,29.5
2014/03/20,0
2014/03/19,0
2014/03/19,38.5
2014/03/18,19.9
2014/03/18,0
2014/03/17,30.1
2014/03/17,0
2014/03/16,0
2014/03/16,22.4
2014/03/15,27.3
2014/03/15,0
2014/03/14,0
2014/03/14,38.7
2014/03/13,13.8
2014/03/13,0
2014/03/12,16.1
2014/03/11,0
2014/03/11,14.8
2014/03/10,0
2014/03/10,21.2
2014/03/09,30.9
2014/03/09,0
2014/03/08,0
2014/03/08,16.1
2014/03/07,0
2014/03/07,20
2014/03/06,0
2014/03/06,19.2
2014/03/05,0
2014/03/05,26.3
2014/03/04,0
2014/03/04,17.6
2014/03/03,25.9
2014/03/03,0
2014/03/02,23.6
2014/03/02,0
2014/03/01,26.2
2014/03/01,0
2014/02/28,24.5
2014/02/28,0
2014/02/27,24.3
2014/02/27,0
2014/02/26,22.4
2014/02/26,0
2014/02/25,0
2014/02/25,23.7
2014/02/24,0
2014/02/24,26.9
2014/02/23,29.8
2014/02/23,0
2014/02/22,29
2014/02/21,29.7
2014/02/20,37
2014/02/20,0
2014/02/19,0
2014/02/19,20.4
2014/02/18,0
2014/02/18,19.9
2014/02/17,23.9
2014/02/17,0
2014/02/16,0
2014/02/16,20.1
2014/02/15,17.9
2014/02/15,0
2014/02/14,0
2014/02/14,25
2014/02/13,0
2014/02/13,17.3
2014/02/12,16.9
2014/02/12,0
2014/02/11,0
2014/02/11,18.6
2014/02/10,23.5
2014/02/10,0
2014/02/09,0
2014/02/09,15.5
2014/02/08,0
2014/02/08,10.9
2014/02/07,15.5
2014/02/07,0
2014/02/06,0
2014/02/06,20
2014/02/05,20.2
2014/02/05,0
2014/02/04,0
2014/02/04,30.8
2014/02/03,25.2
2014/02/03,0
2014/02/02,0
2014/02/02,29.8
2014/02/01,0
2014/02/01,33.2
2014/01/31,0
2014/01/31,30.9
2014/01/30,0
2014/01/30,31.1
2014/01/29,24.7
2014/01/29,0
2014/01/28,0
2014/01/28,19.2
2014/01/27,22.5
2014/01/27,0
2014/01/26,0
2014/01/26,23.5
2014/01/25,0
2014/01/25,19.6
2014/01/24,0
2014/01/24,24
2014/01/23,22.4
2014/01/23,0
2014/01/22,28.7
2014/01/22,0
2014/01/21,29.8
2014/01/21,0
2014/01/20,27.9
2014/01/20,0
2014/01/19,35.6
2014/01/19,0
2014/01/18,0
2014/01/18,38.6
2014/01/17,0
2014/01/17,19.4
2014/01/16,0
2014/01/16,19.9
2014/01/15,30.9
2014/01/15,0
2014/01/14,27
2014/01/14,0
2014/01/13,28.7
2014/01/13,0
2014/01/12,0
2014/01/12,24
2014/01/11,0
2014/01/11,19.3
2014/01/10,0
2014/01/10,21.1
2014/01/09,25.4
2014/01/09,0
2014/01/08,23.8
2014/01/08,0
2014/01/07,0
2014/01/07,21.6
2014/01/06,0
2014/01/06,11.8
2014/01/05,0
2014/01/05,24.6
2014/01/04,22.6
2014/01/04,0
2014/01/03,0
2014/01/03,18.7
2014/01/02,23.4
2014/01/02,0
2014/01/01,0
2014/01/01,22.7
2013/12/31,0
2013/12/31,19.8
2013/12/30,0
2013/12/30,13.6
2013/12/29,0
2013/12/29,16.8
2013/12/28,14.9
2013/12/28,0
2013/12/27,25.6
2013/12/27,0
2013/12/26,0
2013/12/26,27
2013/12/25,0
2013/12/25,19
2013/12/24,0
2013/12/24,21.1
2013/12/23,0
2013/12/23,13.6
2013/12/22,0
2013/12/22,20.6
2013/12/21,0
2013/12/21,16
2013/12/20,0
2013/12/20,19
2013/12/19,0
2013/12/19,25.2
2013/12/18,22.6
2013/12/18,0
2013/12/17,19.1
2013/12/17,0
2013/12/16,14.8
2013/12/16,0
2013/12/15,8.2
2013/12/14,15.4
2013/12/13,5.9
2013/12/12,11
2013/12/11,20.4
2013/12/10,16.4
2013/12/09,21.7
2013/12/08,19.5
2013/12/07,18.5
2013/12/06,22.8
2013/12/05,26.1
2013/12/04,28.1
2013/12/03,30.4
2013/12/02,20.3
2013/12/01,25.2
2013/11/30,31
2013/11/29,31.2
2013/11/28,23.8
2013/11/27,30.9
2013/11/26,20.4
2013/11/25,24.2
2013/11/24,31.2
2013/11/23,14
2013/11/22,7.3
2013/11/21,25
2013/11/20,26
2013/11/19,27.2
2013/11/18,32.3
2013/11/17,37.6
2013/11/16,23.8
2013/11/15,20.8
2013/11/14,29.7
2013/11/13,19.3
2013/11/12,24.3
2013/11/11,16.5
2013/11/10,21.1
2013/11/09,33.1
2013/11/08,32.8
2013/11/07,30.2
2013/11/06,18.5
2013/11/05,20.2
2013/11/04,28
2013/11/03,18.1
2013/11/02,18.1
2013/11/01,34
2013/10/31,42.1
2013/10/30,41.8
2013/10/29,36.6
2013/10/28,37.3
2013/10/27,32.9
2013/10/26,49.4
2013/10/25,53.7
2013/10/24,52.1
2013/10/23,51.6
2013/10/22,54.7
2013/10/21,45.1
2013/10/20,34.6
2013/10/19,30.7
2013/10/18,35.7
2013/10/17,33.8
2013/10/16,43.3
2013/10/15,40.7
2013/10/14,32.9
2013/10/13,30.6
2013/10/12,32.2
2013/10/11,21.1
2013/10/10,23.8
2013/10/09,39.5
2013/10/08,47.7
2013/10/07,30.9
2013/10/06,24.9
2013/10/05,34.6
2013/10/04,45.5
2013/10/03,50.5
2013/10/02,48.3
2013/10/01,30.5
2013/09/30,30.5
2013/09/29,35.7
2013/09/28,36.4
2013/09/27,29.3
2013/09/26,32.5
2013/09/25,27.3
2013/09/24,31.1
2013/09/23,22.9
2013/09/22,18.5
2013/09/21,6.4
2013/09/20,18.9
2013/09/19,41.8
2013/09/18,56.1
2013/09/17,39
2013/09/16,40
2013/09/15,34.9
2013/09/14,43.8
2013/09/13,36.9
2013/09/12,42
2013/09/11,52.7
2013/09/10,49.1
2013/09/09,40
2013/09/08,48.3
2013/09/07,45.2
2013/09/06,42.8
2013/09/05,51.4
2013/09/04,38.9
2013/09/03,48.7
2013/09/02,28.6
2013/09/01,43
2013/08/31,29.8
2013/08/30,12.8
2013/08/29,13.4
2013/08/28,37.2
2013/08/27,24.8
2013/08/26,21.6
2013/08/25,20.1
2013/08/24,18
2013/08/23,0
2013/08/22,29.1
2013/08/21,16.1
2013/08/20,19.3
2013/08/19,30
2013/08/18,27.5
2013/08/17,25.8
2013/08/16,32.2
2013/08/15,21.8
2013/08/14,24.9
2013/08/13,31.2
2013/08/12,37.8
2013/08/11,23.9
2013/08/10,23.5
2013/08/09,25.3
2013/08/08,22.3
2013/08/07,26.2
2013/08/06,30.9
2013/08/05,26.6
2013/08/04,29.8
2013/08/03,39
2013/08/02,23.8
2013/08/01,34.2
2013/07/31,25.6
2013/07/30,27.5
2013/07/29,23.4
2013/07/28,26.6
2013/07/27,29.2
2013/07/26,25.7
2013/07/25,21.7
2013/07/24,37.6
2013/07/23,38.4
2013/07/22,37.1
2013/07/21,36.2
2013/07/20,44.7
2013/07/19,38.1
2013/07/18,20.7
2013/07/17,26.2
2013/07/16,16.9
2013/07/15,23.9
2013/07/14,18.5
2013/07/13,31.1
2013/07/12,27.2
2013/07/11,31.9
2013/07/10,25.5
2013/07/09,16.1
2013/07/08,24.9
2013/07/07,22.2
2013/07/06,22
2013/07/05,20.2
2013/07/04,31.1
2013/07/03,21.3
2013/07/02,37.8
2013/07/01,36
2013/06/30,26.2
2013/06/29,25.3
2013/06/28,23.9
2013/06/27,22.9
2013/06/26,24.6
2013/06/25,14.8
2013/06/24,20.6
2013/06/23,28.8
2013/06/22,39.6
2013/06/21,24.4
2013/06/20,22.6
2013/06/19,25.1
2013/06/18,26.6
2013/06/17,25.3
2013/06/16,34.7
2013/06/15,26.2
2013/06/14,23.3
2013/06/13,22.6
2013/06/12,21.1
2013/06/11,20.9
2013/06/10,16.6
2013/06/09,17.8
2013/06/08,23.7
2013/06/07,35.1
2013/06/06,25.6
2013/06/05,20.3
2013/06/04,31
2013/06/03,35.4
2013/06/02,23.7
2013/06/01,23.8
2013/05/31,25.2
2013/05/30,24.2
2013/05/29,25.9
2013/05/28,19.5
2013/05/27,18.1
2013/05/26,34.7
2013/05/25,42.7
2013/05/24,30.2
2013/05/23,12.7
2013/05/22,17
2013/05/21,26
2013/05/20,17.7
2013/05/19,24.3
2013/05/18,26.3
2013/05/17,28.1
2013/05/16,9
2013/05/15,21.4
2013/05/14,27
2013/05/13,19.6
2013/05/12,18.6
2013/05/11,20.8
2013/05/10,24.2
2013/05/09,32
2013/05/08,34.9
2013/05/07,35.6
2013/05/06,32.6
2013/05/05,37.1
2013/05/04,36.7
2013/05/03,12.5
2013/05/02,17.8
2013/05/01,27.5
2013/04/30,25.1
2013/04/29,31.8
2013/04/28,33.1
2013/04/27,38.3
2013/04/26,20.7
2013/04/25,17.8
2013/04/24,37.4
2013/04/23,43.8
2013/04/22,37.2
2013/04/21,29.8
2013/04/20,22.9
2013/04/19,28.7
2013/04/18,19.8
2013/04/17,25.4
2013/04/16,38.7
2013/04/15,26
2013/04/14,18.9
2013/04/13,15.5
2013/04/12,12.7
2013/04/11,6.7
2013/04/10,30.6
2013/04/09,20.5
2013/04/08,30.6
2013/04/07,49.2
2013/04/06,26.4
2013/04/05,17.3
2013/04/04,31.9
2013/04/03,44.3
2013/04/02,29.7
2013/04/01,17.4
2013/03/31,28.1
2013/03/30,37.6
2013/03/29,45
2013/03/28,33.3
2013/03/27,35.3
2013/03/26,33
2013/03/25,39.6
2013/03/24,19.4
2013/03/23,27.5
2013/03/22,27.3
2013/03/21,19
2013/03/20,17.5
2013/03/19,25.7
2013/03/18,22.8
2013/03/17,40.7
2013/03/16,32.1
2013/03/15,19.3
2013/03/14,31.9
2013/03/13,20.6
2013/03/12,33.4
2013/03/11,35.4
2013/03/10,36.6
2013/03/09,46.6
2013/03/08,48.4
2013/03/07,41.5
2013/03/06,46.8
2013/03/05,42.5
2013/03/04,29.2
2013/03/03,25.8
2013/03/02,28
2013/03/01,34.8
2013/02/28,34.4
2013/02/27,21.1
2013/02/26,21.8
2013/02/25,28.8
2013/02/24,35.9
2013/02/23,35.8
2013/02/22,35.4
2013/02/21,26.5
2013/02/20,26.7
2013/02/19,22.4
2013/02/18,39
2013/02/17,29.9
2013/02/16,38.2
2013/02/15,20.4
2013/02/14,26.4
2013/02/13,33.6
2013/02/12,26.3
2013/02/11,27.3
2013/02/10,25.8
2013/02/09,29.3
2013/02/08,30.1
2013/02/07,25.2
2013/02/06,19
2013/02/05,9.7
2013/02/04,23.1
2013/02/03,17
2013/02/02,20.5
2013/02/01,24
2013/01/31,23
2013/01/30,25.5
2013/01/29,17.2
2013/01/28,23.9
2013/01/27,32.5
2013/01/26,24.3
2013/01/25,31.3
2013/01/24,19.5
2013/01/23,17.6
2013/01/22,15.6
2013/01/21,20.4
2013/01/20,27.5
2013/01/19,27.2
2013/01/18,31.4
2013/01/17,29.1
2013/01/16,25
2013/01/15,24.8
2013/01/14,32.9
2013/01/13,19.9
2013/01/12,22.8
2013/01/11,20.7
2013/01/10,23.3
2013/01/09,22.3
2013/01/08,12.6
2013/01/07,17.6
2013/01/06,16.3
2013/01/05,17.3
2013/01/04,19.6
2013/01/03,22
2013/01/02,10
2013/01/01,5.2
2012/12/31,20.5
2012/12/30,14.9
2012/12/29,22.3
2012/12/28,21.7
2012/12/27,20.1
2012/12/26,22
2012/12/25,24.8
2012/12/24,25.2
2012/12/23,27.7
2012/12/22,13.2
2012/12/21,26.5
2012/12/20,20
2012/12/19,16.8
2012/12/18,15.2
2012/12/17,20.7
2012/12/16,20.1
2012/12/15,21.1
2012/12/14,22.1
2012/12/13,25.7
2012/12/12,20.2
2012/12/11,13.1
2012/12/10,19.3
2012/12/09,20.9
2012/12/08,9.4
2012/12/07,22.1
2012/12/06,26.6
2012/12/05,15.2
2012/12/04,26.1
2012/12/03,19.1
2012/12/02,13
2012/12/01,5.2
2012/11/30,5
2012/11/29,9.8
2012/11/28,5.1
2012/11/27,13.3
2012/11/26,14.8
2012/11/25,31.1
2012/11/24,13.7
2012/11/23,11
2012/11/22,18.6
2012/11/21,7.5
2012/11/20,27.5
2012/11/19,21.3
2012/11/18,10.6
2012/11/17,15.7
2012/11/16,28.4
2012/11/15,29.2
2012/11/14,33.4
2012/11/13,26.8
2012/11/12,19.9
2012/11/11,26
2012/11/10,30.2
2012/11/09,38.6
2012/11/08,41.2
2012/11/07,34.7
2012/11/06,29.3
2012/11/05,29.5
2012/11/04,36.6
2012/11/03,40.9
2012/11/02,37.7
2012/11/01,36.5
2012/10/31,26.9
2012/10/30,21.7
2012/10/29,35.4
2012/10/28,36.1
2012/10/27,43.4
2012/10/26,48.5
2012/10/25,46
2012/10/24,40.3
2012/10/23,34.7
2012/10/22,42.9
2012/10/21,61
2012/10/20,46.5
2012/10/19,34.9
2012/10/18,45.7
2012/10/17,41.6
2012/10/16,47
2012/10/15,35.8
2012/10/14,31.1
2012/10/13,36.6
2012/10/12,44.1
2012/10/11,51.5
2012/10/10,47.2
2012/10/09,42.1
2012/10/08,47.4
2012/10/07,41.4
2012/10/06,35.2
2012/10/05,43.1
2012/10/04,40.2
2012/10/03,37.7
2012/10/02,38.5
2012/10/01,46.1
2012/09/30,45.3
2012/09/29,52
2012/09/28,45.2
2012/09/27,53
2012/09/26,40.8
2012/09/25,42.7
2012/09/24,32.9
2012/09/23,31
2012/09/22,42.7
2012/09/21,35.7
2012/09/20,29.2
2012/09/19,44.5
2012/09/18,55.3
2012/09/17,51.7
2012/09/16,42.7
2012/09/15,35.2
2012/09/14,44.1
2012/09/13,43.1
2012/09/12,43.7
2012/09/11,34.4
2012/09/10,35.5
2012/09/09,33.5
2012/09/08,40.2
2012/09/07,32.3
2012/09/06,48.1
2012/09/05,39.2
2012/09/04,34.3
2012/09/03,27.9
2012/09/02,29.7
2012/09/01,28.2
2012/08/31,26.9
2012/08/30,31.7
2012/08/29,33.2
2012/08/28,18.2
2012/08/27,39.3
2012/08/26,24
2012/08/25,18.3
2012/08/24,11.1
2012/08/23,19.9
2012/08/22,33.5
2012/08/21,31.3
2012/08/20,27
2012/08/19,29.5
2012/08/18,20.9
2012/08/17,26
2012/08/16,31.3
2012/08/15,42.3
2012/08/14,33.1
2012/08/13,26.7
2012/08/12,24.2
2012/08/11,24.1
2012/08/10,26.1
2012/08/09,30.5
2012/08/08,42.3
2012/08/07,32.8
2012/08/06,34.1
2012/08/05,37.1
2012/08/04,29.2
2012/08/03,38.3
2012/08/02,32.6
2012/08/01,22
2012/07/31,15.9
2012/07/30,37.2
2012/07/29,46.9
2012/07/28,35.1
2012/07/27,29.2
2012/07/26,25.9
2012/07/25,24.7
2012/07/24,34.3
2012/07/23,31.5
2012/07/22,19.4
2012/07/21,48.4
2012/07/20,39.6
2012/07/19,25
2012/07/18,20.8
2012/07/17,22.5
2012/07/16,21.2
2012/07/15,23.8
2012/07/14,21.3
2012/07/13,19.4
2012/07/12,21.4
2012/07/11,24.3
2012/07/10,27
2012/07/09,27.6
2012/07/08,26.6
2012/07/07,29.2
2012/07/06,32
2012/07/05,35.5
2012/07/04,33.1
2012/07/03,29.9
2012/07/02,21.8
2012/07/01,33.6
2012/06/30,33.2
2012/06/29,21.8
2012/06/28,34.1
2012/06/27,29.5
2012/06/26,31
2012/06/25,25.7
2012/06/24,24.7
2012/06/23,21.2
2012/06/22,22.5
2012/06/21,39.2
2012/06/20,28.1
2012/06/19,24.3
2012/06/18,32.9
2012/06/17,27.5
2012/06/16,24.1
2012/06/15,29.9
2012/06/14,26.1
2012/06/13,41.8
2012/06/12,27.9
2012/06/11,26
2012/06/10,25.1
2012/06/09,22.8
2012/06/08,25.8
2012/06/07,44.3
2012/06/06,43.6
2012/06/05,30.8
2012/06/04,27
2012/06/03,41.8
2012/06/02,34.4
2012/06/01,43.8
2012/05/31,38.7
2012/05/30,30.7
2012/05/29,32.2
2012/05/28,20.8
2012/05/27,36.4
2012/05/26,37.8
2012/05/25,36
2012/05/24,32.3
2012/05/23,47
2012/05/22,35.4
2012/05/21,34.8
2012/05/20,32.4
2012/05/19,13.3
2012/05/18,8.1
2012/05/17,8.1
2012/05/16,14.1
2012/05/15,24.8
2012/05/14,20.3
2012/05/13,33
2012/05/12,31.6
2012/05/11,39.6
2012/05/10,0
2012/05/09,20.4
2012/05/08,25
2012/05/07,36.2
2012/05/06,33.6
2012/05/05,21
2012/05/04,12.9
2012/05/03,36.6
2012/05/02,10.3
2012/05/01,12.9
2012/04/30,6.7
2012/04/29,18
2012/04/28,14.9
2012/04/27,19.5
2012/04/26,20.9
2012/04/25,15.2
2012/04/24,20
2012/04/23,34.8
2012/04/22,37.6
2012/04/21,26.7
2012/04/20,25.7
2012/04/19,28.4
2012/04/18,22.7
2012/04/17,16.7
2012/04/16,13.9
2012/04/15,20.7
2012/04/14,22.8
2012/04/13,21.8
2012/04/12,31.4
2012/04/11,21.2
2012/04/10,47.3
2012/04/09,28.7
2012/04/08,31.5
2012/04/07,22.3
2012/04/06,6.8
2012/04/05,27.8
2012/04/04,36.1
2012/04/03,22.9
2012/04/02,37.6
2012/04/01,51.7
2012/03/31,34.1
2012/03/30,30.9
2012/03/29,30.8
2012/03/28,43.7
2012/03/27,45
2012/03/26,35.2
2012/03/25,25.6
2012/03/24,25
2012/03/23,32.1
2012/03/22,30.4
2012/03/21,26.8
2012/03/20,18.6
2012/03/19,26.1
2012/03/18,21.6
2012/03/17,29.8
2012/03/16,27.1
2012/03/15,19
2012/03/14,6.7
2012/03/13,17.1
2012/03/12,18.4
2012/03/11,22.6
2012/03/10,17.7
2012/03/09,19.6
2012/03/08,13.2
2012/03/07,19.2
2012/03/06,21.5
2012/03/05,22
2012/03/04,21.1
2012/03/03,17.4
2012/03/02,11.1
2012/03/01,17.9
2012/02/29,12.7
2012/02/28,15.3
2012/02/27,16.1
2012/02/26,21.2
2012/02/25,11.7
2012/02/24,8.9
2012/02/23,11.5
2012/02/22,22.8
2012/02/21,8.8
2012/02/20,11.1
2012/02/19,24.1
2012/02/18,30.4
2012/02/17,26
2012/02/16,21.9
2012/02/15,9.2
2012/02/14,16.7
2012/02/13,17.3
2012/02/12,19.9
2012/02/11,14.5
2012/02/10,16.3
2012/02/09,11.3
2012/02/08,14.8
2012/02/07,18.3
2012/02/06,17.5
2012/02/05,19.2
2012/02/04,0
2012/02/03,13.7
2012/02/02,22.9
2012/02/01,18.4
2012/01/31,31.6
2012/01/30,32.2
2012/01/29,23.9
2012/01/28,15.8
2012/01/27,22.2
2012/01/26,23.4
2012/01/25,27
2012/01/24,20.6
2012/01/23,23.4
2012/01/22,21.5
2012/01/21,20.9
2012/01/20,20.8
2012/01/19,22.1
2012/01/18,0
2012/01/17,22.5
2012/01/16,19.5
2012/01/15,11.4
2012/01/14,9.3
2012/01/13,9.7
2012/01/12,17.9
2012/01/11,20.6
2012/01/10,17.2
2012/01/09,15.1
2012/01/08,19.8
2012/01/07,17.2
2012/01/06,6.3
2012/01/05,6.3
2012/01/04,17.7
2012/01/03,19.7
2012/01/02,12.8
2012/01/01,23.9
2011/12/31,16.6
2011/12/30,20.9
2011/12/29,14.9
2011/12/28,16.2
2011/12/27,17
2011/12/26,14.9
2011/12/25,21.4
2011/12/24,32.4
2011/12/23,26
2011/12/22,23.6
2011/12/21,14.6
2011/12/20,10.1
2011/12/19,12.8
2011/12/18,16
2011/12/17,22.5
2011/12/16,22.7
2011/12/15,17.7
2011/12/14,10.5
2011/12/13,10.3
2011/12/12,14.1
2011/12/11,19.4
2011/12/10,19.3
2011/12/09,17
2011/12/08,11
2011/12/07,14
2011/12/06,15.6
2011/12/05,3.7
2011/12/04,25.5
2011/12/03,21.3
2011/12/02,15.4
2011/12/01,18.6
2011/11/30,16.1
2011/11/29,20
2011/11/28,22.7
2011/11/27,17.9
2011/11/26,16.1
2011/11/25,19.3
2011/11/24,28.3
2011/11/23,26
2011/11/22,27.7
2011/11/21,24.1
2011/11/20,27.6
2011/11/19,7.3
2011/11/18,10.7
2011/11/17,7.9
2011/11/16,17.9
2011/11/15,20
2011/11/14,19.5
2011/11/13,16.2
2011/11/12,14.5
2011/11/11,10.8
2011/11/10,13.7
2011/11/09,9
2011/11/08,10
2011/11/07,7.1
2011/11/06,37.5
2011/11/05,33.5
2011/11/04,44.5
2011/11/03,32
2011/11/02,37
2011/11/01,28.9
2011/10/31,29.5
2011/10/30,26.5
2011/10/29,31.9
2011/10/28,29.2
2011/10/27,35.5
2011/10/26,36.4
2011/10/25,40.6
2011/10/24,35
2011/10/23,37.2
2011/10/22,34.6
2011/10/21,28.6
2011/10/20,30.9
2011/10/19,40.9
2011/10/18,46.5
2011/10/17,49.2
2011/10/16,41.2
2011/10/15,24.5
2011/10/14,19.7
2011/10/13,25
2011/10/12,32.6
2011/10/11,20.1
2011/10/10,17.4
2011/10/09,35.4
2011/10/08,44.5
2011/10/07,33.9
2011/10/06,34.4
2011/10/05,33.6
2011/10/04,40.8
2011/10/03,41.7
2011/10/02,24.4
2011/10/01,35
2011/09/30,35.5
2011/09/29,28.6
2011/09/28,26.3
2011/09/27,35.4
2011/09/26,28.9
2011/09/25,37.7
2011/09/24,30.6
2011/09/23,45.3
2011/09/22,50.9
2011/09/21,37.4
2011/09/20,41.8
2011/09/19,41
2011/09/18,37.4
2011/09/17,40.7
2011/09/16,41.4
2011/09/15,50.2
2011/09/14,42.2
2011/09/13,32.6
2011/09/12,36.5
2011/09/11,42.7
2011/09/10,57.4
2011/09/09,46.7
2011/09/08,57
2011/09/07,61.1
2011/09/06,67.1
2011/09/05,64.9
2011/09/04,52.4
2011/09/03,43
2011/09/02,27.6
2011/09/01,26.8
2011/08/31,19.1
2011/08/30,18
2011/08/29,9.1
2011/08/28,12.9
2011/08/27,38.8
2011/08/26,44.9
2011/08/25,36.7
2011/08/24,0
2011/08/23,28.8
2011/08/22,35.8
2011/08/21,32.3
2011/08/20,29.2
2011/08/19,25.9
2011/08/18,23.9
2011/08/17,27.2
2011/08/16,23.5
2011/08/15,19.3
2011/08/14,18.9
2011/08/13,21.4
2011/08/12,21.9
2011/08/11,31.6
2011/08/10,27.9
2011/08/09,28.6
2011/08/08,26.5
2011/08/07,26.8
2011/08/06,28.3
2011/08/05,23
2011/08/04,44.8
2011/08/03,48.3
2011/08/02,29.5
2011/08/01,24.6
2011/07/31,29.2
2011/07/30,26.1
2011/07/29,35.4
2011/07/28,45.6
2011/07/27,26.8
2011/07/26,19.5
2011/07/25,27.2
2011/07/24,28.6
2011/07/23,25
2011/07/22,21.5
2011/07/21,15.1
2011/07/20,17
2011/07/19,29.1
2011/07/18,27.5
2011/07/17,16.2
2011/07/16,20.1
2011/07/15,22.1
2011/07/14,25.1
2011/07/13,18.2
2011/07/12,24.3
2011/07/11,29.8
2011/07/10,33.1
2011/07/09,27.8
2011/07/08,27.6
2011/07/07,25
2011/07/06,21.5
2011/07/05,24.8
2011/07/04,21
2011/07/03,20.1
2011/07/02,23.1
2011/07/01,18.1
2011/06/30,27
2011/06/29,20
2011/06/28,14.1
2011/06/27,22.7
2011/06/26,24.4
2011/06/25,14.9
2011/06/24,36.5
2011/06/23,37.1
2011/06/22,27.3
2011/06/21,27.9
2011/06/20,30
2011/06/19,26.2
2011/06/18,24.2
2011/06/17,28.3
2011/06/16,23.2
2011/06/15,23.5
2011/06/14,21.5
2011/06/13,19.7
2011/06/12,19.4
2011/06/11,21.8
2011/06/10,28
2011/06/09,27.4
2011/06/08,11.3
2011/06/07,14.9
2011/06/06,18.2
2011/06/05,25.9
2011/06/04,41.7
2011/06/03,32.1
2011/06/02,27.5
2011/06/01,30.4
2011/05/31,41.3
2011/05/30,49.6
2011/05/29,47.1
2011/05/28,43.3
2011/05/27,48.9
2011/05/26,30.2
2011/05/25,35.7
2011/05/24,27.8
2011/05/23,24.4
2011/05/22,34
2011/05/21,49.4
2011/05/20,35.6
2011/05/19,38.1
2011/05/18,39.6
2011/05/17,29.3
2011/05/16,25.2
2011/05/15,25.2
2011/05/14,13
2011/05/13,33.6
2011/05/12,23.9
2011/05/11,23.9
2011/05/10,24.5
2011/05/09,30.5
2011/05/08,27
2011/05/07,20.9
2011/05/06,22.9
2011/05/05,21.6
2011/05/04,36.7
2011/05/03,25.3
2011/05/02,16.4
2011/05/01,12.3
2011/04/30,23
2011/04/29,31
2011/04/28,43.4
2011/04/27,40.7
2011/04/26,37.2
2011/04/25,56
2011/04/24,47.9
2011/04/23,42.5
2011/04/22,41.7
2011/04/21,42.9
2011/04/20,41.5
2011/04/19,45.2
2011/04/18,35.9
2011/04/17,15.5
2011/04/16,22.2
2011/04/15,35.3
2011/04/14,37.5
2011/04/13,35.1
2011/04/12,46.1
2011/04/11,32.6
2011/04/10,35
2011/04/09,36.5
2011/04/08,35.1
2011/04/07,33
2011/04/06,38.3
2011/04/05,33.4
2011/04/04,29
2011/04/03,43.6
2011/04/02,40.2
2011/04/01,36.9
2011/03/31,20.5
2011/03/30,34.1
2011/03/29,44.1
2011/03/28,32.6
2011/03/27,25.9
2011/03/26,25.7
2011/03/25,32.7
2011/03/24,27.8
2011/03/23,28.1
2011/03/22,31.8
2011/03/21,21.1
2011/03/20,38.2
2011/03/19,19.2
2011/03/18,19.1
2011/03/17,33.8
2011/03/16,33.1
2011/03/15,28.2
2011/03/14,23
2011/03/13,29.6
2011/03/12,25.7
2011/03/11,18.1
2011/03/10,16.7
2011/03/09,28.9
2011/03/08,27.9
2011/03/07,34
2011/03/06,23.2
2011/03/05,26.7
2011/03/04,34.2
2011/03/03,27.3
2011/03/02,20
2011/03/01,18.1
2011/02/28,26.7
2011/02/27,19.8
2011/02/26,23.5
2011/02/25,18.1
2011/02/24,16.7
2011/02/23,27.7
2011/02/22,22
2011/02/21,19
2011/02/20,24.9
2011/02/19,8.4
2011/02/18,8.7
2011/02/17,16.8
2011/02/16,9.5
2011/02/15,17.4
2011/02/14,19.5
2011/02/13,16.3
2011/02/12,25.1
2011/02/11,25.5
2011/02/10,29
2011/02/09,29.4
2011/02/08,24.7
2011/02/07,28.3
2011/02/06,27.4
2011/02/05,24.8
2011/02/04,24.9
2011/02/03,22.7
2011/02/02,20.1
2011/02/01,21.5
2011/01/31,22
2011/01/30,26.5
2011/01/29,25.6
2011/01/28,16.1
2011/01/27,14.8
2011/01/26,14.7
2011/01/25,14.9
2011/01/24,18.9
2011/01/23,15
2011/01/22,11.8
2011/01/21,14.3
2011/01/20,10.5
2011/01/19,14.3
2011/01/18,14.5
2011/01/17,19.4
2011/01/16,22.1
2011/01/15,28.5
2011/01/14,11.8
2011/01/13,0
2011/01/12,10.3
2011/01/11,11.8
2011/01/10,13.5
2011/01/09,18.7
2011/01/08,14.7
2011/01/07,14.7
2011/01/06,7.7
2011/01/05,12.4
2011/01/04,16.1
2011/01/03,7.2
2011/01/02,17.6
2011/01/01,16.7
2010/12/31,26.2
2010/12/30,24.8
2010/12/29,23
2010/12/28,18.5
2010/12/27,15.6
2010/12/26,22.9
2010/12/25,14.3
2010/12/24,20.7
2010/12/23,24.8
2010/12/22,21.9
2010/12/21,27.2
2010/12/20,20.2
2010/12/19,23.3
2010/12/18,18.7
2010/12/17,18.6
2010/12/16,11.7
2010/12/15,8.4
2010/12/14,11.5
2010/12/13,18.7
2010/12/12,22.7
2010/12/11,15.2
2010/12/10,29.3
2010/12/09,24.3
2010/12/08,30.6
2010/12/07,34.3
2010/12/06,32.1
2010/12/05,19.4
2010/12/04,22.7
2010/12/03,19.5
2010/12/02,18.7
2010/12/01,21.3
2010/11/30,24.7
2010/11/29,25.1
2010/11/28,30.9
2010/11/27,26.7
2010/11/26,23.4
2010/11/25,23.6
2010/11/24,16.5
2010/11/23,22
2010/11/22,20.2
2010/11/21,22.9
2010/11/20,22.7
2010/11/19,16.8
2010/11/18,18.9
2010/11/17,11.5
2010/11/16,19.5
2010/11/15,20.3
2010/11/14,6.9
2010/11/13,5.2
2010/11/12,31.9
2010/11/11,15.2
2010/11/10,20
2010/11/09,31.7
2010/11/08,36.1
2010/11/07,22.2
2010/11/06,15.4
2010/11/05,11.4
2010/11/04,15.8
2010/11/03,25.1
2010/11/02,27.6
2010/11/01,28
2010/10/31,34.9
2010/10/30,35
2010/10/29,33.4
2010/10/28,28.7
2010/10/27,31.2
2010/10/26,32.3
2010/10/25,28
2010/10/24,28.4
2010/10/23,18.6
2010/10/22,18.1
2010/10/21,21.8
2010/10/20,14.1
2010/10/19,16.1
2010/10/18,41.8
2010/10/17,30.9
2010/10/16,32.8
2010/10/15,29.1
2010/10/14,33
2010/10/13,36.9
2010/10/12,25.8
2010/10/11,19.4
2010/10/10,30.1
2010/10/09,43
2010/10/08,0
2010/10/07,40.3
2010/10/06,19.8
2010/10/05,30.4
2010/10/04,45.3
2010/10/03,32.3
2010/10/02,38.4
2010/10/01,31.5
2010/09/30,34.1
2010/09/29,41.4
2010/09/28,38.1
2010/09/27,29
2010/09/26,39.3
2010/09/25,30.7
2010/09/24,26.3
2010/09/23,31.8
2010/09/22,18.7
2010/09/21,37.4
2010/09/20,18.4
2010/09/19,20.8
2010/09/18,22.3
2010/09/17,40.9
2010/09/16,31.2
2010/09/15,31.4
2010/09/14,24.9
2010/09/13,20.4
2010/09/12,24.3
2010/09/11,23.4
2010/09/10,19.3
2010/09/09,19
2010/09/08,31.7
2010/09/07,30
2010/09/06,26.6
2010/09/05,25.8
2010/09/04,26.6
2010/09/03,29.1
2010/09/02,26.1
2010/09/01,13.2
2010/08/31,17.7
2010/08/30,30.1
2010/08/29,39.3
2010/08/28,37.7
2010/08/27,27.2
2010/08/26,33.9
2010/08/25,33
2010/08/24,32
2010/08/23,31.3
2010/08/22,32.3
2010/08/21,49.8
2010/08/20,35
2010/08/19,25.3
2010/08/18,21.6
2010/08/17,24.6
2010/08/16,20.6
2010/08/15,18
2010/08/14,0
2010/08/11,0
2010/08/10,2.6
2010/08/09,2.6
2010/08/08,2.6
2010/08/07,2.6
2010/08/06,0
2010/08/05,0
2010/08/04,41.2
2010/08/03,33.7
2010/08/02,25.8
2010/08/01,22.1
2010/07/31,24
2010/07/30,14.3
2010/07/29,18.6
2010/07/28,11.7
2010/07/27,10.9
2010/07/26,18.5
2010/07/25,20.5
2010/07/24,24.4
2010/07/23,31.2
2010/07/22,27.7
2010/07/21,32.1
2010/07/20,35.8
2010/07/19,40.6
2010/07/18,30.5
2010/07/17,29.9
2010/07/16,40.8
2010/07/15,33.6
2010/07/14,18.9
2010/07/13,19
2010/07/12,17.1
2010/07/11,21.8
2010/07/10,22.2
2010/07/09,19.5
2010/07/08,21.6
2010/07/07,17.9
2010/07/06,21.1
2010/07/05,26.6
2010/07/04,24.1
2010/07/03,23.6
2010/07/02,19.9
2010/07/01,19.4
2010/06/30,22.1
2010/06/29,17.5
2010/06/28,16.3
2010/06/27,16.5
2010/06/26,12.2
2010/06/25,6.7
2010/06/24,9.8
2010/06/23,14.4
2010/06/22,23.6
2010/06/21,16.8
2010/06/20,17.3
2010/06/19,14.6
2010/06/18,13.6
2010/06/17,15.2
2010/06/16,11.9
2010/06/15,4
2010/06/14,8.4
2010/06/13,13.6
2010/06/12,20.2
2010/06/11,17.6
2010/06/10,19.1
2010/06/09,36.3
2010/06/08,35
2010/06/07,26.3
2010/06/06,26.6
2010/06/05,26.1
2010/06/04,24.3
2010/06/03,11.2
2010/06/02,19.4
2010/06/01,30.5
2010/05/31,31.7
2010/05/30,18.5
2010/05/29,36
2010/05/28,26.6
2010/05/27,38.2
2010/05/26,49.9
2010/05/25,45.8
2010/05/24,38.9
2010/05/23,18.2
2010/05/22,17.1
2010/05/21,23.2
2010/05/20,13.9
2010/05/19,16.3
2010/05/18,32.3
2010/05/17,37.2
2010/05/16,30.2
2010/05/15,22.1
2010/05/14,40.3
2010/05/13,28.7
2010/05/12,37.3
2010/05/11,34.9
2010/05/10,28.8
2010/05/09,19.4
2010/05/08,28.6
2010/05/07,10
2010/05/06,12.4
2010/05/05,30.6
2010/05/04,38.7
2010/05/03,50
2010/05/02,38.2
2010/05/01,31.8
2010/04/30,38
2010/04/29,32.2
2010/04/28,16
2010/04/27,19.8
2010/04/26,40.8
2010/04/25,41.3
2010/04/24,11.8
2010/04/23,16.1
2010/04/22,23.6
2010/04/21,29.2
2010/04/20,23.1
2010/04/19,29.9
2010/04/18,25.7
2010/04/17,25.7
2010/04/16,23.8
2010/04/15,17.6
2010/04/14,36.1
2010/04/13,22.9
2010/04/12,15.7
2010/04/11,31.4
2010/04/10,29.3
2010/04/09,32.3
2010/04/08,15.4
2010/04/07,29.3
2010/04/06,9
2010/04/05,9.9
2010/04/04,27.5
2010/04/03,17.8
2010/04/02,24.6
2010/04/01,45.4
2010/03/31,33.9
2010/03/30,29.4
2010/03/29,31.5
2010/03/28,28.4
2010/03/27,26.7
2010/03/26,30.6
2010/03/25,20.7
2010/03/24,25.2
2010/03/23,31.3
2010/03/22,22.1
2010/03/21,24.1
2010/03/20,25.4
2010/03/19,27.4
2010/03/18,25.1
2010/03/17,11.7
2010/03/16,15.5
2010/03/15,18.2
2010/03/14,35.8
2010/03/13,16.9
2010/03/12,16.9
2010/03/11,24.6
2010/03/10,27.4
2010/03/09,25.6
2010/03/08,15
2010/03/07,18.3
2010/03/06,27.3
2010/03/05,22.5
2010/03/04,24.5
2010/03/03,24.1
2010/03/02,19.5
2010/03/01,29.3
2010/02/28,27
2010/02/27,15.1
2010/02/26,11.3
2010/02/25,11.4
2010/02/24,33
2010/02/23,16.5
2010/02/22,3.6
2010/02/21,18.7
2010/02/20,22.1
2010/02/19,13.9
2010/02/18,23.3
2010/02/17,22
2010/02/16,22.6
2010/02/15,18.3
2010/02/14,20.7
2010/02/13,8
2010/02/12,6.8
2010/02/11,19.7
2010/02/10,19.9
2010/02/09,23.8
2010/02/08,15
2010/02/07,13.1
2010/02/06,6.8
2010/02/05,16
2010/02/04,20.5
2010/02/03,16.1
2010/02/02,14.3
2010/02/01,19.9
2010/01/31,31.7
2010/01/30,21.4
2010/01/29,24.4
2010/01/28,18.8
2010/01/27,19.8
2010/01/26,18.5
2010/01/25,8.8
2010/01/24,9.7
2010/01/23,12.4
2010/01/22,10.9
2010/01/21,20.3
2010/01/20,31.3
2010/01/19,17.9
2010/01/18,17.3
2010/01/17,22.3
2010/01/16,24
2010/01/15,19
2010/01/14,17
2010/01/13,16.6
2010/01/12,9.9
2010/01/11,12.3
2010/01/10,19.5
2010/01/09,18.9
2010/01/08,8
2010/01/07,9.6
2010/01/06,5.6
2010/01/05,12.8
2010/01/04,16.2
2010/01/03,19.4
2010/01/02,14.2
2010/01/01,12.2
,
,