1,Taipei,2017/01/10,松山,2.3,0.56,408.55,31.5,57,32,25.95,5.88,20.07,2.009,0.127,1.882,2.18,1.61,18.75,0,0,64.16,0
2,Taipei,2017/01/10,古亭,2.1,0.54,0,36.5,42,33,18.88,3.88,15,2.047,0.11,1.937,3.11,2.8,18.84,0,0,65.43,0
3,Taipei,2017/01/10,中山,3.3,0.72,0,27.1,52,31,33.55,8.75,24.8,2.131,0.17,1.961,2.5,2.15,19.26,0,0,69.31,0
4,Taipei,2017/01/10,大同,4.4,0.89,0,0,69,30,50.4,22.56,27.84,2.276,0.229,2.047,0,0,0,0,0,0,0
5,Taipei,2017/01/10,萬華,2.8,0.59,0,30.1,52,30,27.92,5.45,22.47,0,0,0,3.04,2.78,19.39,0,0,64.12,0
6,Taipei,2017/01/10,陽明,0.8,0.39,419.94,46,27,22,2.99,0.85,2.1,0,0,0,0,0,10.81,0,0,96.36,0
7,Taipei,2017/01/10,士林,4,0.43,0,42.6,52,27,11.36,1.73,9.6,0,0,0,2.62,2.48,18.74,0,0,65.31,0
8,Taipei,2017/01/09,松山,2.5,0.62,423.38,27.5,37,22,23.97,4.13,19.83,2.036,0.132,1.903,2.27,1.8,17.82,0,0,69.84,0
9,Taipei,2017/01/09,古亭,2.7,0.63,0,30.3,38,26,21.5,3.79,17.71,2.101,0.129,1.971,2.9,2.6,17.87,0,0,71.9,0
10,Taipei,2017/01/09,中山,2.1,0.77,0,25.8,37,18,28.14,7.12,21.02,2.153,0.181,1.972,2.28,1.93,18.37,0,0,74.09,0
11,Taipei,2017/01/09,大同,2.5,0.89,0,0,56,19,43.42,19.25,24.16,2.256,0.209,2.046,0,0,0,0,0,0,0
12,Taipei,2017/01/09,萬華,2.7,0.62,0,28.3,38,18,0,0,0,0,0,0,3.11,2.87,18.52,0,0,68.84,0
13,Taipei,2017/01/09,陽明,0.6,0.45,427.99,42.7,14,10,2.77,0.46,2.27,0,0,0,0,0,10.08,0.5,3.73,99.38,81.08
14,Taipei,2017/01/09,士林,0.6,0.51,0,39.8,32,20,9.67,1.16,8.51,0,0,0,2.29,1.83,17.93,0,0,68,0
15,Taipei,2017/01/08,松山,2,0.66,444.19,17.3,31,16,27.04,7.9,19.14,2.145,0.196,1.95,1.69,1.32,20.41,0,0,81.2,0
16,Taipei,2017/01/08,古亭,1.9,0.6,0,18.5,31,23,22.58,4.71,17.86,2.135,0.156,1.979,2.1,1.85,20.45,0,0,82.06,0
17,Taipei,2017/01/08,中山,2.7,0.88,0,13.9,38,20,39.45,14.5,24.95,2.39,0.263,2.127,1.89,1.49,21,0,0,84.22,0
18,Taipei,2017/01/08,大同,3.3,1.15,0,0,49,21,63.11,32.3,30.81,2.719,0.35,2.369,0,0,0,0,0,0,0
19,Taipei,2017/01/08,萬華,1.8,0.71,0,16.1,34,20,0,0,0,0,0,0,2.15,1.71,21.13,0,0,80.5,0
20,Taipei,2017/01/08,陽明,0.6,0.35,426.01,36.3,7,4,4.04,0.77,3.27,0,0,0,0,0,14.15,0,0,97.19,0
21,Taipei,2017/01/08,士林,2.8,0.63,0,20.7,31,18,23.62,7.65,15.97,0,0,0,1.49,1.25,20.53,0,0,78.71,0
22,Taipei,2017/01/07,松山,2.7,0.6,433.28,24.9,39,22,30.94,5.78,25.16,2.056,0.181,1.875,1.46,1.07,22.52,0,0,81.68,0
23,Taipei,2017/01/07,古亭,2.9,0.67,0,21,46,32,32.77,6.48,26.29,2.232,0.245,1.987,1.44,1.08,22.76,0,0,81.4,0
24,Taipei,2017/01/07,中山,3.3,0.81,0,18.9,39,22,41.8,12.71,29.08,2.264,0.267,1.997,1.47,0.94,22.93,0,0,85.07,0
25,Taipei,2017/01/07,大同,3.6,1.21,0,0,52,18,59.52,26.21,33.31,2.528,0.385,2.143,0,0,0,0,0,0,0
26,Taipei,2017/01/07,萬華,3.5,0.7,0,20.4,54,24,0,0,0,0,0,0,1.37,0.95,23.24,0,0,81.7,0
27,Taipei,2017/01/07,陽明,1.6,0.22,413.12,39.4,13,10,4.2,1.17,3.02,0,0,0,0,0,16.83,0,0,90.37,0
28,Taipei,2017/01/07,士林,3.3,0.51,0,23.2,31,18,23.58,4.58,19,0,0,0,1.44,1.18,22.29,0,0,81.96,0
29,Taipei,2017/01/06,松山,5.7,0.73,447.02,13.7,58,34,47.88,15.38,32.5,2.271,0.305,1.967,1.44,1.12,22.19,0,0,81,0
30,Taipei,2017/01/06,古亭,4,0.7,0,15.2,64,42,40.88,10.21,30.68,2.263,0.274,1.99,1.55,1.39,22.45,0,0,80.36,0
31,Taipei,2017/01/06,中山,4.4,0.9,0,13.1,60,32,51.9,16.58,35.32,2.345,0.322,2.023,1.61,1.17,22.85,0,0,82.5,0
32,Taipei,2017/01/06,大同,6.4,1.35,0,0,70,35,80.91,44.18,36.73,2.616,0.479,2.137,0,0,0,0,0,0,0
33,Taipei,2017/01/06,萬華,4.6,0.74,0,14.2,60,36,46.84,12.6,34.25,0,0,0,1.62,1.38,23,0,0,79.31,0
34,Taipei,2017/01/06,陽明,2.3,0.24,417.75,41.1,16,12,3.73,0.8,2.95,0,0,0,0,0,15.94,2.63,4.19,96.55,27.02
35,Taipei,2017/01/06,士林,3.6,0.52,0,22.4,52,29,25.27,4.65,20.62,0,0,0,1.08,0.84,22.08,0,0,79.47,0
36,Taipei,2017/01/05,松山,3.8,0.77,454.43,21.6,54,31,47.31,14.18,33.13,2.268,0.296,1.972,1.2,0.86,22.33,0,0,75.52,0
37,Taipei,2017/01/05,古亭,4.4,0.86,0,21.3,65,42,47,11.96,35.04,2.362,0.367,1.995,1.27,1.1,22.44,0,0,75.82,0
38,Taipei,2017/01/05,中山,5,0.98,0,16.2,59,32,55.4,17.98,37.42,2.443,0.366,2.077,1.45,0.92,23.12,0,0,77.69,0
39,Taipei,2017/01/05,大同,5.2,1.61,0,0,72,33,78.2,37.75,40.45,2.827,0.607,2.22,0,0,0,0,0,0,0
40,Taipei,2017/01/05,萬華,6,0.96,0,17,59,37,48.99,11.11,37.88,0,0,0,1.07,0.76,23.11,0,0,75.5,0
41,Taipei,2017/01/05,陽明,1.3,0.27,420.33,49.4,28,25,6.19,0.6,5.53,0,0,0,0,0,16.55,0,0,92.53,0
42,Taipei,2017/01/05,士林,4.1,0.6,0,26.9,58,31,35.84,12.2,23.64,0,0,0,1.44,1.32,22.41,0,0,76.12,0
43,Taipei,2017/01/04,松山,1.6,0.4,421.46,19.6,20,8,27.37,7.95,19.42,1.937,0.135,1.802,1.62,1.22,22.77,0,0,76.68,0
44,Taipei,2017/01/04,古亭,1.8,0.37,0,24.5,19,10,22.07,5.31,16.76,1.978,0.102,1.876,2.41,2.23,23.34,0,0,74.11,0
45,Taipei,2017/01/04,中山,1.5,0.52,0,20.5,15,0,31.06,10.44,20.62,2.052,0.169,1.883,2.32,2.06,23.85,0,0,77.12,0
46,Taipei,2017/01/04,大同,2.9,0.9,0,0,33,7,58.97,33.49,25.48,2.244,0.292,1.952,0,0,0,0,0,0,0
47,Taipei,2017/01/04,萬華,1.9,0.41,0,20.2,25,9,28.65,7.89,20.76,0,0,0,2.56,2.32,23.92,0,0,73.91,0
48,Taipei,2017/01/04,陽明,2.5,0.13,407.87,38.3,5,3,2.23,0.51,1.66,0,0,0,0,0,16.11,0.83,4.2,96.95,33.61
49,Taipei,2017/01/04,士林,1.7,0.21,0,34.2,15,6,10.37,2.49,7.86,0,0,0,2.63,2.42,23.97,0,0,69.88,0
50,Taipei,2017/01/03,松山,1.3,0.4,424.17,18.7,27,10,29.76,6.05,23.71,1.956,0.142,1.813,1.56,1.23,20.43,0,0,88.22,0
51,Taipei,2017/01/03,古亭,1.8,0.41,0,25.1,24,16,24.24,4.15,20.09,2.016,0.115,1.901,2.39,2.23,20.82,0,0,87.08,0
52,Taipei,2017/01/03,中山,2.2,0.57,0,18.8,29,11,34.85,9.69,25.15,2.072,0.18,1.892,2.19,1.97,21.51,0,0,87.88,0
53,Taipei,2017/01/03,大同,2.9,1.08,0,0,43,10,69.3,38.55,30.75,2.319,0.351,1.969,0,0,0,0,0,0,0
54,Taipei,2017/01/03,萬華,2.7,0.42,0,20.1,20,13,31.15,6.87,24.28,0,0,0,2.57,2.37,21.64,0,0,84.14,0
55,Taipei,2017/01/03,陽明,1.5,0.16,408.92,44.4,5,2,1.13,0.32,0.79,0,0,0,0,0,15.06,0.81,4.09,99.07,53.21
56,Taipei,2017/01/03,士林,1.8,0.23,0,37.1,18,10,9.53,1.16,8.36,0,0,0,2.32,1.97,21.9,0,0,76.46,0
57,Taipei,2017/01/02,松山,1.6,0.51,436.97,21.9,29,16,31.82,8.84,22.98,2.095,0.181,1.913,1.51,1.18,21.54,0,0,72.79,0
58,Taipei,2017/01/02,古亭,1.8,0.5,0,24.8,33,22,26.62,5.98,20.64,2.114,0.159,1.955,1.73,1.37,21.4,0,0,74.51,0
59,Taipei,2017/01/02,中山,2.1,0.64,0,19.1,31,16,36.04,9.05,27,2.213,0.212,2.001,1.73,1.2,22.03,0,0,77.98,0
60,Taipei,2017/01/02,大同,2.8,1.09,0,0,45,12,64.73,33.41,31.33,2.524,0.344,2.18,0,0,0,0,0,0,0
61,Taipei,2017/01/02,萬華,2.3,0.54,0,20.7,32,17,31.81,7,24.81,0,0,0,1.63,1.26,22.06,0,0,73.97,0
62,Taipei,2017/01/02,陽明,1.6,0.21,411.64,38.8,15,11,3.95,1.15,2.79,0,0,0,0,0,15.38,0,0,92.58,0
63,Taipei,2017/01/02,士林,2.9,0.39,0,27.2,30,16,19.61,3.59,16.02,0,0,0,1.52,1.34,21.57,0,0,74.19,0
64,Taipei,2017/01/01,松山,1.7,0.3,417.98,33.1,22,9,15.3,3.58,11.72,1.856,0.07,1.786,1.87,1.33,22.59,0,0,64.73,0
65,Taipei,2017/01/01,古亭,1.3,0.3,0,33,18,12,14.64,2.64,12,1.934,0.067,1.868,2.54,2.34,22.98,0,0,64.83,0
66,Taipei,2017/01/01,中山,2.1,0.44,0,26.1,22,9,24.96,6.63,18.34,2.01,0.12,1.89,2.44,2.24,23.21,0,0,68.68,0
67,Taipei,2017/01/01,大同,0.8,0.7,0,0,34,6,49.59,23.87,25.72,2.171,0.193,1.978,0,0,0,0,0,0,0
68,Taipei,2017/01/01,萬華,1.4,0.39,0,25.8,23,9,26.82,6.93,19.89,0,0,0,2.41,2.23,23.47,0,0,64.6,0
69,Taipei,2017/01/01,陽明,1.2,0.14,407.44,41.6,9,5,1.62,0.38,1.21,0,0,0,0,0,15.64,0,0,88.55,0
70,Taipei,2017/01/01,士林,1.4,0.2,0,39.1,20,9,7.54,1.38,6.16,0,0,0,2.81,2.6,22.94,0,0,65.21,0
71,新北市,2017/01/10,板橋,0,0,0,0,0,0,0,0,0,0,0,0,0,0,0,0,0,0,0
72,新北市,2017/01/10,三重,5,2.23,0,0,68,30,95.09,57.14,37.95,2.554,0.438,2.116,0,0,19.45,0,0,61.66,0
73,新北市,2017/01/10,菜寮,4.4,0.57,0,35,50,28,18.69,2.42,16.27,0,0,0,3.39,3.18,19.37,0,0,62.88,0
74,新北市,2017/01/10,永和,2.3,0.63,0,36.8,45,33,19.51,5.23,14.29,2.098,0.173,1.925,2.86,2.81,18.85,0,0,65.5,0
75,新北市,2017/01/10,新莊,3.5,0.57,0,34.8,51,24,18.45,2.53,15.94,0,0,0,4.59,4.47,19.15,0,0,59.28,0
76,新北市,2017/01/10,新店,1.6,0.52,0,39.6,45,33,14.94,2.55,12.37,0,0,0,2.22,1.84,18.67,0,0,64.13,0
77,新北市,2017/01/10,淡水,1.8,0.49,0,31.5,49,28,12.12,2.41,9.71,0,0,0,0,0,0,0,0,0,0
78,新北市,2017/01/10,汐止,3,0.53,0,33,50,33,23.1,5.57,17.53,0,0,0,2.41,1.97,17.65,0,0,66.99,0
79,新北市,2017/01/10,土城,1.1,0.54,0,38,49,27,14.1,1.88,12.22,2.085,0.13,1.955,1.76,0.36,19.03,0,0,63.91,0
80,新北市,2017/01/10,林口,3.5,0.46,0,36.1,68,36,17.46,3.82,13.63,0,0,0,3.54,3.08,16.68,0,0,72.1,0
81,新北市,2017/01/10,萬里,1.6,0.38,0,50.3,71,34,4.66,1.34,3.32,0,0,0,6.09,5.96,18.02,0,0,68.18,0
82,新北市,2017/01/09,板橋,0,0,0,0,47,19,0,0,0,0,0,0,3.12,2.63,18.52,0,0,67.74,0
83,新北市,2017/01/09,三重,3.3,1.63,0,0,56,20,101.17,65.47,35.71,2.588,0.473,2.115,0,0,18.66,0,0,65.04,0
84,新北市,2017/01/09,菜寮,1.7,0.6,0,34.5,39,22,14.19,1.94,12.24,0,0,0,3.24,3.11,18.61,0,0,66.9,0
85,新北市,2017/01/09,永和,2.8,0.74,0,31.3,42,27,22.6,6.36,16.24,2.141,0.189,1.952,2.9,2.71,17.93,0,0,71.05,0
86,新北市,2017/01/09,新莊,2.4,0.6,0,34.1,41,17,14.45,1.23,13.22,0,0,0,4.71,4.46,18.17,0,0,63.49,0
87,新北市,2017/01/09,新店,1.9,0.59,0,34.8,39,26,15.5,2.1,13.37,0,0,0,2.02,1.61,17.58,0,0,70.24,0
88,新北市,2017/01/09,淡水,1.5,0.55,0,31.9,43,21,10.4,1.99,8.4,0,0,0,0,0,0,0,0,0,0
89,新北市,2017/01/09,汐止,3,0.56,0,31.8,43,27,18.02,2.8,15.22,0,0,0,2.37,2.2,16.35,0,0,74.65,0
90,新北市,2017/01/09,土城,3.3,0.6,0,31.2,44,22,18.78,3.54,15.25,2.115,0.139,1.976,1.52,0.69,18.14,0,0,69.73,0
91,新北市,2017/01/09,林口,2.2,0.5,0,33.6,59,28,16.45,3.66,12.79,0,0,0,3.05,2.8,15.78,0,0,77.32,0
92,新北市,2017/01/09,萬里,1.2,0.45,0,45.4,79,27,5.68,1.71,3.97,0,0,0,6.42,5.91,17.48,0,0,71.77,0
93,新北市,2017/01/08,板橋,4.4,0.66,0,15.3,50,21,27.29,5.96,21.34,2.209,0.24,1.969,2.04,1.7,20.91,0,0,76.83,0
94,新北市,2017/01/08,三重,3.2,1.59,0,0,50,19,88.36,55.5,32.86,2.697,0.519,2.178,0,0,21.1,0,0,75.48,0
95,新北市,2017/01/08,菜寮,3,0.73,0,19.5,41,26,26.24,6.94,19.29,0,0,0,2.05,1.79,21.71,0,0,79.39,0
96,新北市,2017/01/08,永和,1.6,0.82,0,17.9,32,21,29.44,10.5,18.94,2.244,0.254,1.99,1.9,1.73,20.6,0,0,79.75,0
97,新北市,2017/01/08,新莊,3.1,0.69,0,17.6,42,20,26.76,7.58,19.18,0,0,0,2.31,2.01,20.59,0,0,74.4,0
98,新北市,2017/01/08,新店,3.1,0.55,0,18.9,29,18,19.36,3.83,15.53,0,0,0,1.51,1,20.09,0,0,78.9,0
99,新北市,2017/01/08,淡水,2.2,0.51,0,22.9,40,21,14.04,2.37,11.67,0,0,0,0,0,0,0,0,0,0
100,新北市,2017/01/08,汐止,1.9,0.6,0,19.9,37,24,22.34,6.84,15.5,0,0,0,1.98,1.77,18.79,0,0,86.79,0
101,新北市,2017/01/08,土城,3.4,0.62,0,17.3,37,21,24.03,6.91,17.11,2.185,0.186,1.999,1.26,0.55,20.52,0,0,80.78,0
102,新北市,2017/01/08,林口,1.7,0.45,0,22.7,52,25,16.96,2.52,14.44,0,0,0,2.16,1.79,18.75,0,0,86.05,0
103,新北市,2017/01/08,萬里,2.3,0.42,0,30.1,48,14,10,1.82,8.18,0,0,0,2.59,1.94,19,1.31,3.65,86.95,221.05
104,新北市,2017/01/07,板橋,5,0.65,0,18.3,65,28,31.66,5.96,25.7,2.246,0.3,1.946,1.69,1.41,23.02,0,0,77.65,0
105,新北市,2017/01/07,三重,4.8,1.64,0,0,62,18,111.31,70.51,40.8,2.691,0.579,2.112,0,0,22.89,0,0,77.72,0
106,新北市,2017/01/07,菜寮,3.1,0.63,0,20.2,45,27,28.98,4.4,24.58,0,0,0,1.49,1.09,23.67,0,0,82.5,0
107,新北市,2017/01/07,永和,2.6,1.24,0,14.6,47,30,54.86,23.26,31.61,2.471,0.458,2.013,1.06,0.68,22.92,0,0,79.15,0
108,新北市,2017/01/07,新莊,4.9,0.62,0,21.3,52,27,27.37,5.52,21.85,0,0,0,1.32,1.03,22.66,0,0,74.24,0
109,新北市,2017/01/07,新店,3,0.54,0,20.3,46,30,24.4,4.61,19.79,0,0,0,1.5,1.1,22.24,0,0,78.56,0
110,新北市,2017/01/07,淡水,2.7,0.41,0,19.1,40,21,18.16,3.06,15.1,0,0,0,0,0,0,0,0,0,0
111,新北市,2017/01/07,汐止,3.9,0.57,0,25.8,43,27,29.06,5.52,23.54,0,0,0,1.29,1,21.6,0,0,82.77,0
112,新北市,2017/01/07,土城,3.8,0.57,0,18.4,51,30,28.02,6.91,21.11,2.199,0.243,1.956,1.16,0.86,22.55,0,0,81.42,0
113,新北市,2017/01/07,林口,3.2,0.39,0,24.5,71,37,20.33,3.89,16.44,0,0,0,1.71,1.38,20.31,0,0,89.87,0
114,新北市,2017/01/07,萬里,2.7,0.3,0,33.5,50,15,12.81,2.85,9.96,0,0,0,1.53,1.12,21.27,3.5,4.36,86.98,31.23
115,新北市,2017/01/06,板橋,7.1,0.77,0,14.3,78,37,41.15,9.37,31.78,2.366,0.391,1.975,1.81,1.39,22.74,0,0,76.63,0
116,新北市,2017/01/06,三重,5.2,1.76,0,0,79,31,120.81,76.66,44.15,2.761,0.643,2.117,0,0,22.86,0,0,74.54,0
117,新北市,2017/01/06,菜寮,4.4,0.67,0,20.1,59,36,33.72,6.47,27.25,0,0,0,1.61,1.27,23.35,0,0,78.79,0
118,新北市,2017/01/06,永和,3.6,0.99,0,14,60,39,47.17,16.65,30.52,2.39,0.389,2.001,1.52,1.43,22.52,0,0,78.65,0
119,新北市,2017/01/06,新莊,3.4,0.64,0,17.9,66,34,34.68,7.69,26.99,0,0,0,2.17,1.91,22.36,0,0,72.94,0
120,新北市,2017/01/06,新店,3.2,0.66,0,16.8,58,40,31.55,6.91,24.64,0,0,0,1.33,0.74,21.93,0,0,78.48,0
121,新北市,2017/01/06,淡水,2.8,0.46,0,23.3,56,31,20.19,2.67,17.52,0,0,0,0,0,0,0,0,0,0
122,新北市,2017/01/06,汐止,4.5,0.6,0,18.4,58,38,40.1,15.91,24.19,0,0,0,1.47,1.28,20.72,0,0,85.12,0
123,新北市,2017/01/06,土城,3.3,0.68,0,16,64,39,34.18,7.56,26.63,2.33,0.325,2.005,1.12,0.43,22.27,0,0,80.44,0
124,新北市,2017/01/06,林口,2.8,0.42,0,25.5,87,46,25.04,4.96,20.08,0,0,0,1.63,1.41,19.63,0,0,91.88,0
125,新北市,2017/01/06,萬里,3,0.32,0,31.4,51,24,12.63,3.71,8.92,0,0,0,1.84,1.42,20.6,1.33,3.94,85.72,93.66
126,新北市,2017/01/05,板橋,8.9,0.81,0,15.6,87,43,45.95,12.6,33.36,2.457,0.47,1.987,1.45,1.02,22.47,0,0,74.42,0
127,新北市,2017/01/05,三重,6.1,1.88,0,0,81,32,136.39,89.32,47.07,2.926,0.751,2.175,0,0,22.85,0,0,71.73,0
128,新北市,2017/01/05,菜寮,5.8,0.75,0,19.3,69,44,44.69,12.83,31.86,0,0,0,1.27,0.83,22.94,0,0,76.56,0
129,新北市,2017/01/05,永和,3.7,1.57,0,12.3,58,40,77.13,35.86,41.27,2.619,0.6,2.019,1.02,0.65,22.69,0,0,73.76,0
130,新北市,2017/01/05,新莊,7,0.79,0,15.6,76,41,47.78,16.27,31.51,0,0,0,1.35,1.05,22.22,0,0,71.5,0
131,新北市,2017/01/05,新店,4,0.67,0,22.6,53,37,36.19,6.8,29.39,0,0,0,1.32,0.96,21.84,0,0,74.7,0
132,新北市,2017/01/05,淡水,5.2,0.43,0,26.4,68,37,23.76,5.54,18.25,0,0,0,0,0,0,0,0,0,0
133,新北市,2017/01/05,汐止,4.6,0.78,0,16.6,63,39,58.56,26.62,31.94,0,0,0,1.09,0.74,20.95,0,0,80.53,0
134,新北市,2017/01/05,土城,6.5,0.73,0,16.5,64,40,53.18,22.57,30.62,2.435,0.437,1.998,1.02,0.75,21.8,0,0,79.2,0
135,新北市,2017/01/05,林口,4.5,0.42,0,24.3,88,48,33.71,11.35,22.36,0,0,0,1.4,1.27,20.45,0,0,83.91,0
136,新北市,2017/01/05,萬里,3.3,0.34,0,29.7,60,33,16.52,3.17,13.35,0,0,0,2.15,1.96,20.27,0,0,85.34,0
137,新北市,2017/01/04,板橋,2.9,0.47,0,21.7,24,6,23.95,4.87,19.08,2.016,0.176,1.839,2.79,2.44,23.79,0,0,70.38,0
138,新北市,2017/01/04,三重,3.1,1.47,0,0,34,6,95.46,62.37,33.09,2.554,0.468,2.086,0,0,24.15,0,0,67.4,0
139,新北市,2017/01/04,菜寮,1.7,0.4,0,26.6,13,8,16.71,2.66,14.05,0,0,0,2.86,2.68,24.48,0,0,70.34,0
140,新北市,2017/01/04,永和,1.6,0.54,0,25.1,14,8,24.6,8.35,16.26,2.018,0.168,1.85,2.48,2.37,23.4,0,0,72.73,0
141,新北市,2017/01/04,新莊,2.1,0.37,0,26,23,5,18.55,3.72,14.82,0,0,0,4.18,4.04,23.82,0,0,65.41,0
142,新北市,2017/01/04,新店,1.3,0.35,0,26.5,6,10,17.44,3.85,13.59,0,0,0,1.96,1.59,22.88,0,0,71.53,0
143,新北市,2017/01/04,淡水,1.8,0.24,0,28.3,18,7,8.81,0.92,7.91,0,0,0,0,0,0,0,0,0,0
144,新北市,2017/01/04,汐止,2.7,0.38,0,15.3,18,12,26.32,6.87,19.46,0,0,0,1.58,1.3,21.57,0,0,79.31,0
145,新北市,2017/01/04,土城,1.4,0.51,0,23.4,18,9,20.15,2.56,17.59,2.121,0.185,1.936,1.21,0.33,23.4,0,0,73.64,0
146,新北市,2017/01/04,林口,2,0.24,0,28.5,39,16,18.79,4.92,13.86,0,0,0,3.09,2.65,21.67,0,0,78.57,0
147,新北市,2017/01/04,萬里,2,0.18,0,28.9,24,5,10.08,2.78,7.3,0,0,0,1.7,1.37,20.94,2,4.19,86.38,47.71
148,新北市,2017/01/03,板橋,0,0,0,0,36,12,0,0,0,0,0,0,2.85,0,0,0.5,4.13,0,61.26
149,新北市,2017/01/03,三重,3.9,1.45,0,0,43,11,89.13,52.84,36.29,2.578,0.495,2.083,0,0,21.84,0,0,76.96,0
150,新北市,2017/01/03,菜寮,2.7,0.44,0,26.2,24,12,20.76,2.79,17.97,0,0,0,2.63,2.4,22.46,0,0,80.63,0
151,新北市,2017/01/03,永和,1.6,0.53,0,26.9,20,11,25.13,7.31,17.82,2.026,0.165,1.861,2.41,2.37,20.93,0,0,84.18,0
152,新北市,2017/01/03,新莊,3,0.41,0,25.7,26,9,20.86,2.91,17.95,0,0,0,3.81,3.54,21.48,0,0,75.27,0
153,新北市,2017/01/03,新店,1.6,0.42,0,25.3,13,12,21.7,3.96,17.74,0,0,0,1.25,0.94,20.54,0,0,83.52,0
154,新北市,2017/01/03,淡水,0.5,0.32,0,27.7,27,10,10.99,1.68,9.31,0,0,0,0,0,0,0,0,0,0
155,新北市,2017/01/03,汐止,2.8,0.37,0,15.8,27,16,29.38,5.83,23.55,0,0,0,1.6,1.44,19.03,0,0,91.92,0
156,新北市,2017/01/03,土城,1.6,0.39,0,28,25,12,16.25,1.05,15.22,2.031,0.143,1.889,1.21,0.28,21.22,0,0,83.91,0
157,新北市,2017/01/03,林口,2.6,0.27,0,27.5,44,19,20.75,4.2,16.55,0,0,0,2.75,2.63,19.63,0,0,87.56,0
158,新北市,2017/01/03,萬里,1.5,0.17,0,38.2,39,10,6.37,1.46,4.91,0,0,0,2.69,2.63,20.36,0.79,3.91,87.03,238.39
159,新北市,2017/01/02,板橋,2.7,0.46,0,24.3,46,19,22.87,3.82,19.05,2.097,0.199,1.898,1.73,1.29,21.71,0,0,70.04,0
160,新北市,2017/01/02,三重,2,1.39,0,0,45,14,92.63,55.84,36.78,2.648,0.488,2.16,0,0,21.83,0,0,71.52,0
161,新北市,2017/01/02,菜寮,2.7,0.57,0,22.5,37,21,27.46,6,21.47,0,0,0,1.51,1.14,22.08,0,0,74.44,0
162,新北市,2017/01/02,永和,2.7,0.8,0,21.6,29,20,38.26,14.31,23.95,2.226,0.28,1.946,1.52,1.18,21.6,0,0,72.85,0
163,新北市,2017/01/02,新莊,3.6,0.54,0,22.1,41,19,27.35,6.9,20.45,0,0,0,1.86,1.62,21.35,0,0,70.42,0
164,新北市,2017/01/02,新店,2.1,0.4,0,29.5,20,17,18.75,3.25,15.5,0,0,0,1.49,1.07,20.77,0,0,71.48,0
165,新北市,2017/01/02,淡水,2.1,0.51,0,18.6,40,19,22.61,5.37,17.24,0,0,0,0,0,0,0,0,0,0
166,新北市,2017/01/02,汐止,3.4,0.42,0,20.3,33,19,25.1,5.69,19.41,0,0,0,1.42,1.15,19.97,0,0,77.33,0
167,新北市,2017/01/02,土城,2.9,0.47,0,25.9,38,19,24.18,5.33,18.86,2.067,0.163,1.904,1.21,0.59,21.21,0,0,75.57,0
168,新北市,2017/01/02,林口,3.1,0.34,0,26.6,62,30,19.65,3.06,16.6,0,0,0,2.34,1.87,19.45,0,0,86.81,0
169,新北市,2017/01/02,萬里,1.8,0.24,0,28.4,31,14,9.6,2.75,6.85,0,0,0,2.97,2.35,19.33,0,0,82.8,0
170,新北市,2017/01/01,板橋,5.8,0.4,0,27.6,24,5,19.62,4.92,14.7,1.983,0.147,1.836,2.46,2.05,23.2,0,0,62.3,0
171,新北市,2017/01/01,三重,1.7,1.11,0,0,34,7,84.28,51.68,32.6,2.449,0.356,2.092,0,0,23.32,0,0,61.21,0
172,新北市,2017/01/01,菜寮,1.4,0.35,0,32.5,20,8,14.54,2,12.52,0,0,0,3.11,2.95,23.43,0,0,62.96,0
173,新北市,2017/01/01,永和,1.5,0.41,0,33.7,13,9,15.9,4.58,11.32,1.991,0.135,1.855,2.56,2.46,22.97,0,0,64.63,0
174,新北市,2017/01/01,新莊,1.6,0.38,0,31.5,21,7,14.84,3.12,11.71,0,0,0,3.84,3.7,23.09,0,0,59.33,0
175,新北市,2017/01/01,新店,1.4,0.23,0,38.4,5,9,7.65,1.52,6.13,0,0,0,3.09,2.94,22.41,0,0,63.44,0
176,新北市,2017/01/01,淡水,1.6,0.16,0,36.7,21,5,3.28,1.36,1.92,0,0,0,0,0,0,0,0,0,0
177,新北市,2017/01/01,汐止,1.3,0.3,0,32.1,20,12,13.07,2.42,10.66,0,0,0,1.48,1.01,21.54,0,0,67.63,0
178,新北市,2017/01/01,土城,0.6,0.34,0,30.9,14,7,14.29,3.76,10.54,1.953,0.101,1.852,1.63,0.4,22.84,0,0,65.69,0
179,新北市,2017/01/01,林口,1.1,0.22,0,37.5,31,15,8.56,1.12,7.42,0,0,0,3.87,3.47,20.84,0,0,71.61,0
180,新北市,2017/01/01,萬里,2.7,0.18,0,35.3,20,9,8,2.74,5.26,0,0,0,3.53,3.31,20.94,0,0,73.39,0
181,Taichung,2017/01/10,West Village,2.7,0.47,0,36.9,54,31,14.99,1.99,12.99,1.966,0.141,1.824,3.05,1.47,19.71,0,0,64.86,0
182,Taichung,2017/01/10,Chung Ming,2.5,0.56,0,30.5,45,33,22.43,2.75,19.68,1.95,0.15,1.801,1.83,1.08,19.33,0,0,65.1,0
183,Taichung,2017/01/10,Fengyuan,1.7,0.45,0,26.4,41,20,14.65,2.45,12.2,1.969,0.152,1.817,1.69,1.19,17.98,0,0,68.15,0
184,Taichung,2017/01/10,Deer deer,2.4,0.51,0,35.2,58,30,17.74,1.94,15.8,0,0,0,4.64,1.62,17.99,0,0,70.8,0
185,Taichung,2017/01/10,Big mile,2.9,0.73,442.92,20.4,56,31,32.38,7,25.38,2.088,0.262,1.825,1.41,0.74,19.5,0,0,65.47,0
186,Taichung,2017/01/09,West Village,1.5,0.5,0,32.1,38,19,13.67,1.61,12.1,1.885,0.118,1.767,4,1.32,20.2,0,0,68.62,0
187,Taichung,2017/01/09,Chung Ming,2.6,0.56,0,27.6,31,16,18.48,2.94,15.54,1.933,0.13,1.803,2.41,1.11,20.09,0,0,67.96,0
188,Taichung,2017/01/09,Fengyuan,1.6,0.45,0,29,33,15,10.4,1.11,9.28,1.929,0.12,1.808,2.28,1.12,18.95,0,0,68.97,0
189,Taichung,2017/01/09,Deer deer,1.9,0.52,0,33.5,44,18,13.48,1.42,12.06,0,0,0,5.18,1.54,18.68,0,0,72.68,0
190,Taichung,2017/01/09,Big mile,2.3,0.71,448.09,20.1,38,20,27.95,6.91,21.05,2.043,0.222,1.821,1.77,0.92,21.15,0,0,67.61,0
191,Taichung,2017/01/08,West Village,1.6,0.6,0,19.9,52,33,32.81,13.85,18.96,2.102,0.267,1.835,2.16,1.06,22.74,0,0,73.23,0
192,Taichung,2017/01/08,Chung Ming,2,0.72,0,17.2,53,30,36.59,15.25,21.34,2.157,0.264,1.893,1.78,1.1,22.71,0,0,72.24,0
193,Taichung,2017/01/08,Fengyuan,2.2,0.4,0,24.8,40,17,16.96,3.2,13.77,1.95,0.122,1.827,2.04,1.53,21.05,0,0,72.38,0
194,Taichung,2017/01/08,Deer deer,1.1,0.51,0,21.2,48,21,20.16,3.27,16.89,0,0,0,3.46,1.39,21.42,0,0,77.05,0
195,Taichung,2017/01/08,Big mile,2.1,0.63,454.31,18.1,54,26,28.85,8.05,20.8,2.074,0.235,1.839,1.39,0.81,22.74,0,0,70.98,0
196,Taichung,2017/01/07,West Village,2.5,0.59,0,22.2,92,48,31,8.22,22.79,2.09,0.297,1.793,1.17,0.86,22.8,0,0,79.08,0
197,Taichung,2017/01/07,Chung Ming,3,0.75,0,19.2,93,50,38.35,11.08,27.27,2.101,0.283,1.818,1.29,0.92,22.81,0,0,76.82,0
198,Taichung,2017/01/07,Fengyuan,2.2,0.57,0,21,69,42,23.29,3.65,19.64,2.035,0.228,1.807,1.74,1.34,20.42,0,0,77.99,0
199,Taichung,2017/01/07,Deer deer,3,0.51,0,26.1,85,31,21.98,3.96,18,0,0,0,1.78,0.95,21.91,0,0,85.56,0
200,Taichung,2017/01/07,Big mile,4.1,0.68,444.2,17.7,109,52,34.68,7.79,26.9,2.084,0.301,1.783,1.45,1.15,22.48,0,0,76.05,0
201,Taichung,2017/01/06,West Village,2.2,0.44,0,25.8,75,44,28.7,7.68,21.02,2.029,0.277,1.752,1.79,1.08,21.8,0,0,81.73,0
202,Taichung,2017/01/06,Chung Ming,2.7,0.63,0,22.9,80,49,34.33,8.48,25.85,2.07,0.257,1.813,1.78,1.14,21.4,0,0,80.17,0
203,Taichung,2017/01/06,Fengyuan,3.1,0.42,0,25.4,58,36,19.55,3.96,15.59,1.969,0.181,1.788,1.9,1.3,19.75,0,0,78.64,0
204,Taichung,2017/01/06,Deer deer,1.6,0.44,0,26.9,82,37,20.74,3.55,17.19,0,0,0,2.61,1.3,21.27,0,0,86.4,0
205,Taichung,2017/01/06,Big mile,3.4,0.65,450.84,21.3,92,50,33.56,9.82,23.74,2.178,0.361,1.818,1.49,1.11,21.54,0,0,77.35,0
206,Taichung,2017/01/05,West Village,2.7,0.51,0,21.9,101,54,28.01,4.78,23.28,2.025,0.277,1.748,1.38,1.13,21.81,0,0,82.1,0
207,Taichung,2017/01/05,Chung Ming,3.3,0.66,0,20.5,94,58,33.91,7.15,26.76,0,0,0,1.46,1.06,21.64,0,0,80.45,0
208,Taichung,2017/01/05,Fengyuan,3.5,0.93,0,26,87,53,20.6,3.95,16.65,2.047,0.239,1.809,1.79,1.5,19.54,0,0,80.97,0
209,Taichung,2017/01/05,Deer deer,3.6,0.55,0,19.9,109,54,29.09,4.87,24.22,0,0,0,1.68,1.2,21.3,0,0,85.98,0
210,Taichung,2017/01/05,Big mile,3.3,0.72,457.88,16.2,109,55,39.34,11.93,27.4,2.199,0.421,1.779,1.54,1.27,21.61,0,0,77.86,0
211,Taichung,2017/01/04,West Village,1.6,0.44,0,22,55,26,27.79,5.36,22.43,2.057,0.321,1.737,1.39,0.91,22.01,0,0,79.69,0
212,Taichung,2017/01/04,Chung Ming,2.6,0.61,0,19.8,43,29,37.81,11.5,26.31,2.029,0.224,1.804,1.45,1.05,22.17,0,0,77.21,0
213,Taichung,2017/01/04,Fengyuan,2.1,0.37,0,27,50,26,15.19,2.25,12.94,1.918,0.159,1.759,1.59,1.35,19.59,0,0,78.52,0
214,Taichung,2017/01/04,Deer deer,1.8,0.39,0,23.8,51,23,21.01,3.64,17.38,0,0,0,2.38,1.25,21.4,0,0,84.78,0
215,Taichung,2017/01/04,Big mile,2.5,0.71,453.33,18.7,64,34,39.82,13.46,26.35,2.233,0.405,1.828,1.23,1.1,21.82,0,0,76.83,0
216,Taichung,2017/01/03,West Village,0.8,0.4,0,21.8,57,29,27.21,7.01,20.24,1.911,0.188,1.723,2,0.86,22.09,0,0,77.43,0
217,Taichung,2017/01/03,Chung Ming,2,0.52,0,20.2,51,32,30.08,8.53,21.56,2.004,0.211,1.793,1.62,0.95,22.03,0,0,76.2,0
218,Taichung,2017/01/03,Fengyuan,1.9,0.34,0,25.1,44,23,12.92,2.44,10.49,1.875,0.125,1.75,1.55,1.12,19.85,0,0,77.36,0
219,Taichung,2017/01/03,Deer deer,1.8,0.38,0,21.7,55,25,21.38,3.69,17.69,0,0,0,3.41,1.38,21.06,0,0,82,0
220,Taichung,2017/01/03,Big mile,2.5,0.76,465.07,20.5,73,37,41.78,16.44,25.34,2.21,0.366,1.844,1.26,0.8,21.82,0,0,75.19,0
221,Taichung,2017/01/02,West Village,1.4,0.37,0,28.5,76,40,18.13,1.62,16.54,1.841,0.131,1.71,2.2,1.29,21.88,0,0,79.56,0
222,Taichung,2017/01/02,Chung Ming,2.1,0.47,0,26.4,69,40,22.85,4.88,17.98,1.899,0.13,1.769,1.65,1.05,21.68,0,0,78.55,0
223,Taichung,2017/01/02,Fengyuan,2.9,0.36,0,24.3,55,32,13.02,2.3,10.72,1.875,0.109,1.766,1.66,1.2,19.13,0,0,80.35,0
224,Taichung,2017/01/02,Deer deer,1.9,0.38,0,29.8,81,40,17.5,2.26,15.25,0,0,0,2.63,1.23,20.9,0,0,84.07,0
225,Taichung,2017/01/02,Big mile,2,0.55,445.62,22.2,75,42,28.4,8.41,19.99,1.956,0.203,1.754,1.49,0.92,21.81,0,0,75.4,0
226,Taichung,2017/01/01,West Village,2,0.54,0,24.1,58,29,29.77,10.91,18.85,2.153,0.251,1.902,1.52,0.74,21.09,0,0,80.39,0
227,Taichung,2017/01/01,Chung Ming,2.6,0.69,0,22,58,31,38.49,16.08,22.41,2.144,0.232,1.913,1.39,0.95,21.03,0,0,80.13,0
228,Taichung,2017/01/01,Fengyuan,1.8,0.39,0,26.8,45,24,13.21,1.63,11.6,1.882,0.111,1.771,1.79,1.58,18.96,0,0,79.15,0
229,Taichung,2017/01/01,Deer deer,2.1,0.53,0,24.6,63,30,27.25,10.08,17.16,0,0,0,2.29,1.08,20.63,0,0,83.49,0
230,Taichung,2017/01/01,Big mile,2.3,0.67,452.92,22.2,70,39,33.34,12.4,20.95,2.111,0.252,1.86,1.19,0.8,21.13,0,0,77.11,0
231,臺南市,2017/01/10,新營,3.6,0.58,0,24.7,89,43,21.04,1.99,19.04,2.17,0.143,2.027,2.34,1.21,19.07,0,0,72.08,0
232,臺南市,2017/01/10,善化,4.4,0.56,437.16,28,79,45,23.35,4.57,18.78,0,0,0,2.77,1.58,20.52,0,0,75.61,0
233,臺南市,2017/01/10,安南,3.1,0.59,0,29,88,40,22.37,2.9,19.47,2.214,0.169,2.046,2.25,1.05,19.79,0,0,73.51,0
234,臺南市,2017/01/10,臺南,3.2,0.73,0,30.2,74,43,26.31,2.9,23.41,2.2,0.231,1.969,2.2,1.24,19.22,0,0,68.62,0
235,臺南市,2017/01/09,新營,3.3,0.61,0,22.3,80,31,22.55,2.73,19.82,2.165,0.141,2.024,2.46,1.1,19.97,0,0,74.36,0
236,臺南市,2017/01/09,善化,3.8,0.59,445.41,21.7,70,26,23.42,4.19,19.23,0,0,0,2.75,1.78,21.17,0,0,78.01,0
237,臺南市,2017/01/09,安南,3.3,0.61,0,23.7,84,26,21.32,2.9,18.42,2.235,0.152,2.082,2.49,1.29,20.65,0,0,76.19,0
238,臺南市,2017/01/09,臺南,3.7,0.73,0,25,70,29,25.73,3.82,21.91,2.157,0.199,1.958,2.43,1.22,20.03,0,0,71.68,0
239,臺南市,2017/01/08,新營,3.4,0.53,0,21.8,82,44,22.54,4.86,17.68,2.209,0.152,2.057,2.28,1.16,22.16,0,0,75.7,0
240,臺南市,2017/01/08,善化,3.2,0.5,443.28,24.4,75,39,20.32,4.75,15.57,0,0,0,2.56,1.74,22.68,0,0,79.56,0
241,臺南市,2017/01/08,安南,2.7,0.49,0,26.7,80,40,22.11,4.95,17.17,2.291,0.156,2.134,2.24,1.27,22.55,0,0,78.25,0
242,臺南市,2017/01/08,臺南,4.1,0.59,0,28.9,67,43,24.16,3.15,21.01,2.167,0.183,1.984,2.39,1.43,22.3,0,0,71.1,0
243,臺南市,2017/01/07,新營,3.4,0.49,0,25.3,114,59,22.25,3.03,19.22,2.198,0.165,2.032,1.55,0.92,22.06,0,0,80.72,0
244,臺南市,2017/01/07,善化,2.9,0.4,435.84,25.2,89,48,18.4,2.36,16.04,0,0,0,1.86,1.5,22.7,0,0,81.09,0
245,臺南市,2017/01/07,安南,2.8,0.45,0,27.1,92,49,20.48,3.22,17.27,2.197,0.162,2.035,1.94,1.39,22.42,0,0,80.24,0
246,臺南市,2017/01/07,臺南,3.5,0.61,0,30.4,83,57,25.81,3.35,22.46,2.174,0.225,1.948,1.87,1.2,21.95,0,0,74,0
247,臺南市,2017/01/06,新營,3.1,0.44,0,22,115,61,24.75,4.83,19.93,2.143,0.142,2.001,2.04,1.02,20.73,0,0,83.45,0
248,臺南市,2017/01/06,善化,2.4,0.42,437.78,21.8,96,51,22.16,4.41,17.74,0,0,0,2.72,1.69,21.23,0,0,84.73,0
249,臺南市,2017/01/06,安南,2.4,0.44,0,23,103,54,25.68,5.86,19.8,2.257,0.184,2.073,2.02,1.09,20.83,0,0,84.08,0
250,臺南市,2017/01/06,臺南,3,0.61,0,24.8,103,72,31.39,7.68,23.71,2.258,0.281,1.977,2.1,1.16,20.42,0,0,78.91,0
251,臺南市,2017/01/05,新營,1.9,0.36,0,29,78,40,15.32,2.67,12.65,2.027,0.105,1.921,1.9,1.06,21.37,0,0,81.3,0
252,臺南市,2017/01/05,善化,3,0.32,421.03,28.6,67,36,15.22,2.72,12.5,0,0,0,2.31,1.83,21.97,0,0,82.25,0
253,臺南市,2017/01/05,安南,2,0.34,0,29.7,75,37,16.97,3.5,13.45,2.087,0.136,1.951,2.16,1.51,21.35,0,0,83.2,0
254,臺南市,2017/01/05,臺南,2.3,0.5,0,32,68,43,19.23,2.16,17.07,2.101,0.201,1.9,1.87,1.02,20.89,0,0,77.37,0
255,臺南市,2017/01/04,新營,3.2,0.42,0,26.5,85,43,24.77,5.33,19.43,2.141,0.14,2.001,1.68,0.98,21.37,0,0,81.63,0
256,臺南市,2017/01/04,善化,3,0.42,435.15,28.1,82,45,22.23,5.34,16.89,0,0,0,1.63,1.2,21.93,0,0,82.99,0
257,臺南市,2017/01/04,安南,3.5,0.41,0,30,84,39,20.56,4.4,16.17,2.212,0.171,2.041,1.95,1.36,21.61,0,0,82.81,0
258,臺南市,2017/01/04,臺南,3.7,0.57,0,33,80,46,26.17,4.2,21.97,2.204,0.24,1.965,1.84,0.88,20.94,0,0,78.59,0
259,臺南市,2017/01/03,新營,2.2,0.41,0,25,100,41,20.3,2.25,18.05,2.075,0.112,1.963,1.65,0.84,20.92,0,0,84,0
260,臺南市,2017/01/03,善化,2.2,0.4,432.34,25,83,36,17.54,2.28,15.26,0,0,0,1.69,1.33,21.29,0,0,84.63,0
261,臺南市,2017/01/03,安南,2.1,0.43,0,26.5,102,42,19.62,2.56,17.05,2.173,0.182,1.991,1.74,1.28,21.13,0,0,84.47,0
262,臺南市,2017/01/03,臺南,2.7,0.55,0,28,93,52,25.25,2.52,22.72,2.141,0.218,1.924,1.55,1.08,20.41,0,0,80.61,0
263,臺南市,2017/01/02,新營,2.2,0.41,0,27.4,106,49,17.59,2.34,15.25,2.04,0.083,1.957,1.77,0.98,20.92,0,0,83.01,0
264,臺南市,2017/01/02,善化,2.4,0.37,428.84,30.6,101,59,14.43,1.75,12.68,0,0,0,2.29,1.7,21.52,0,0,83.72,0
265,臺南市,2017/01/02,安南,2.3,0.37,0,32.5,99,49,15.34,1.9,13.44,2.066,0.094,1.971,1.92,1.14,21.06,0,0,83.58,0
266,臺南市,2017/01/02,臺南,2.8,0.45,0,37.3,95,58,17.29,1.48,15.81,2.019,0.128,1.891,2.03,1.2,20.44,0,0,78.96,0
267,臺南市,2017/01/01,新營,3.2,0.42,0,28.8,79,35,18.14,3.25,14.88,2.167,0.104,2.063,1.41,0.83,20.46,0,0,84.91,0
268,臺南市,2017/01/01,善化,2.7,0.4,444.93,30.3,70,40,20.19,6.49,13.7,0,0,0,1.56,1.18,20.96,0,0,83.88,0
269,臺南市,2017/01/01,安南,3,0.43,0,32.1,72,30,21.06,5.72,15.34,2.25,0.176,2.074,1.78,1.22,20.81,0,0,83.67,0
270,臺南市,2017/01/01,臺南,2.9,0.61,0,33.9,72,38,27.23,5.79,21.44,2.242,0.235,2.006,1.45,0.96,20.44,0,0,78.31,0
271,高雄市,2017/01/10,左營,4.6,0.8,0,33.5,106,53,31.03,4.87,26.15,2.438,0.24,2.198,2.12,1.53,20.82,0,0,72.48,0
272,高雄市,2017/01/10,楠梓,3.9,0.73,0,28.9,115,53,30.51,5.74,24.77,2.312,0.235,2.077,2.08,1.27,20.64,0,0,71.03,0
273,高雄市,2017/01/10,前金,5.1,0.83,0,32.3,99,49,31.15,5.13,26.03,2.35,0.255,2.095,2.09,1.45,21.3,0,0,70.98,0
274,高雄市,2017/01/10,前鎮,6.4,0.91,0,32.2,108,51,36.14,5.87,30.27,2.435,0.28,2.156,1.63,0.88,21.88,0,0,68.31,0
275,高雄市,2017/01/10,復興,5.5,1.06,0,32.2,101,52,39.61,7.01,32.6,2.474,0.385,2.089,1,0.66,22.1,0,0,71,0
276,高雄市,2017/01/10,小港,8.3,0.82,0,28.5,109,55,47.83,12.85,34.99,2.42,0.325,2.096,1.74,1.23,22.23,0,0,70.95,0
277,高雄市,2017/01/10,鳳山,9,0.87,0,26.6,117,51,40.45,9.8,30.65,2.533,0.397,2.136,1.34,0.71,22.18,0,0,68.71,0
278,高雄市,2017/01/10,林園,5.4,0.63,0,41.7,71,26,27.05,4.36,22.69,2.347,0.196,2.151,2.05,1.78,22.48,0,0,74.04,0
279,高雄市,2017/01/10,大寮,7,0.73,0,28.7,105,45,34.94,6.81,28.14,2.509,0.324,2.186,1.85,1.55,21.46,0,0,73.88,0
280,高雄市,2017/01/10,仁武,5.1,0.68,0,30.9,110,45,39.13,9.27,29.86,2.425,0.28,2.146,1.93,1.49,20.76,0,0,72.39,0
281,高雄市,2017/01/10,橋頭,4.3,0.73,0,26.2,100,56,31.69,5.58,26.11,0,0,0,2.24,1.34,19.89,0,0,71.58,0
282,高雄市,2017/01/10,美濃,2.7,0.63,0,34.8,90,46,15.97,2.95,13.02,0,0,0,1.06,0.88,21.37,0,0,74.54,0
283,高雄市,2017/01/09,左營,4.6,0.81,0,29.2,106,46,31.33,6.1,25.23,2.48,0.239,2.24,1.93,1.57,21.7,0,0,76.15,0
284,高雄市,2017/01/09,楠梓,3.9,0.74,0,27.1,119,46,30.85,7.83,23.02,2.308,0.208,2.101,1.9,1.21,21.6,0,0,74.45,0
285,高雄市,2017/01/09,前金,4.7,0.8,0,32,106,43,29.98,5.26,24.73,2.344,0.242,2.101,2.17,1.36,22.26,0,0,74.87,0
286,高雄市,2017/01/09,前鎮,7.2,0.99,0,27.8,107,47,40.07,6.64,33.45,2.477,0.284,2.194,1.56,1.03,22.64,0,0,72.34,0
287,高雄市,2017/01/09,復興,5.9,1.17,0,27.3,104,48,44,10.37,33.63,2.533,0.413,2.12,0.99,0.74,23.01,0,0,74.36,0
288,高雄市,2017/01/09,小港,8.6,0.8,0,28.4,99,53,46.35,9.79,36.56,2.442,0.336,2.107,1.58,1.19,23.07,0,0,76.04,0
289,高雄市,2017/01/09,鳳山,6.9,0.95,0,25.9,117,47,39.44,8.02,31.42,2.535,0.375,2.16,1.44,0.87,23.21,0,0,72.42,0
290,高雄市,2017/01/09,林園,7.3,0.56,0,37.6,63,24,25.89,3.52,22.37,2.282,0.101,2.181,1.99,1.78,23.35,0,0,78.34,0
291,高雄市,2017/01/09,大寮,7,0.72,0,30.7,100,41,33.97,6.51,27.47,2.468,0.283,2.185,1.78,1.55,22.59,0,0,77.28,0
292,高雄市,2017/01/09,仁武,4.9,0.72,0,27.7,114,38,39.43,13.33,26.06,2.485,0.295,2.189,1.75,1.35,21.76,0,0,75.92,0
293,高雄市,2017/01/09,橋頭,3.7,0.77,0,22.5,109,50,32.27,8.03,24.24,0,0,0,2.05,1.3,20.8,0,0,75.22,0
294,高雄市,2017/01/09,美濃,2,0.52,0,33.3,74,34,13.01,2.18,10.83,0,0,0,0.99,0.77,22.2,0,0,74.52,0
295,高雄市,2017/01/08,左營,2.4,0.46,0,39.1,71,39,16.31,1.77,14.54,2.214,0.125,2.089,2.42,1.85,23.37,0,0,73.36,0
296,高雄市,2017/01/08,楠梓,2.8,0.44,0,33.6,81,35,16.82,2.32,14.49,2.092,0.122,1.97,2.21,1.19,23.75,0,0,70.1,0
297,高雄市,2017/01/08,前金,3.3,0.49,0,39.4,72,36,15.88,1.01,14.85,2.094,0.133,1.961,2.59,1.52,23.93,0,0,71.22,0
298,高雄市,2017/01/08,前鎮,3.3,0.59,0,34.3,66,30,22.68,2.24,20.44,2.196,0.16,2.036,1.74,0.82,24.43,0,0,66.77,0
299,高雄市,2017/01/08,復興,3.6,0.71,0,35.1,60,33,24.22,1.89,22.31,2.23,0.262,1.968,1.17,0.7,24.54,0,0,69.67,0
300,高雄市,2017/01/08,小港,5.5,0.51,0,32.8,73,39,27.86,2.68,25.18,2.181,0.213,1.968,1.8,0.95,24.77,0,0,69.17,0
301,高雄市,2017/01/08,鳳山,3.3,0.52,0,32.5,78,34,19.14,1.37,17.77,2.174,0.181,1.993,1.6,0.74,24.79,0,0,67.06,0
302,高雄市,2017/01/08,林園,4.2,0.37,0,38.5,48,22,18.81,2.1,16.7,2.168,0.067,2.102,2.1,1.61,24.78,0,0,72.44,0
303,高雄市,2017/01/08,大寮,3.2,0.45,0,33.1,71,32,20.72,2.6,18.12,2.253,0.154,2.099,1.88,1.31,24.2,0,0,71.34,0
304,高雄市,2017/01/08,仁武,5.2,0.42,0,33.7,76,35,14.82,3.33,11.51,2.214,0.171,2.043,2.11,1.49,23.87,0,0,70.98,0
305,高雄市,2017/01/08,橋頭,3.3,0.46,0,31.2,74,45,17.53,1.86,15.67,0,0,0,2.32,1.43,22.93,0,0,70.83,0
306,高雄市,2017/01/08,美濃,1.5,0.33,0,32,41,24,9.22,1.33,7.9,0,0,0,0.95,0.81,23.77,0,0,70.53,0
307,高雄市,2017/01/07,左營,3.9,0.55,0,32.3,93,56,22.35,2.56,19.79,2.29,0.195,2.094,1.69,1.28,22.86,0,0,76.94,0
308,高雄市,2017/01/07,楠梓,3.3,0.5,0,25.5,107,52,26.08,5.01,21.07,2.156,0.201,1.954,1.77,1.21,22.85,0,0,73.58,0
309,高雄市,2017/01/07,前金,2.9,0.59,0,33,92,54,20.92,1.62,19.3,2.171,0.198,1.973,1.92,1.16,23.25,0,0,73.94,0
310,高雄市,2017/01/07,前鎮,6.2,0.72,0,24.4,94,53,32.36,3.91,28.45,2.307,0.247,2.061,1.53,0.96,23.39,0,0,71.41,0
311,高雄市,2017/01/07,復興,6.5,0.89,0,23,85,54,36.58,6.34,30.24,2.373,0.373,1.999,1.04,0.63,23.65,0,0,73.45,0
312,高雄市,2017/01/07,小港,7.6,0.58,0,20.7,88,58,39.53,7.51,32.01,2.253,0.27,1.983,1.67,1.07,23.56,0,0,73.76,0
313,高雄市,2017/01/07,鳳山,3.7,0.67,0,23.2,105,47,27.65,3.44,24.2,2.3,0.283,2.016,1.41,0.77,23.74,0,0,72.24,0
314,高雄市,2017/01/07,林園,4.7,0.4,0,33.3,53,25,20.85,2.36,18.49,2.224,0.099,2.124,2.11,1.83,23.83,0,0,75.09,0
315,高雄市,2017/01/07,大寮,5,0.47,0,24.8,89,46,25.19,3.86,21.33,2.338,0.249,2.089,1.65,1.31,23.04,0,0,74.89,0
316,高雄市,2017/01/07,仁武,4.1,0.48,0,26.1,101,52,21.22,5.82,15.4,2.256,0.215,2.04,1.53,1.19,22.89,0,0,74.76,0
317,高雄市,2017/01/07,橋頭,3.9,0.5,0,25.4,93,57,21.97,3.17,18.8,0,0,0,1.87,1.42,22.13,0,0,74.88,0
318,高雄市,2017/01/07,美濃,1.3,0.37,0,30.9,67,35,10.37,0.75,9.65,0,0,0,1.1,0.76,22.91,0,0,74.16,0
319,高雄市,2017/01/06,左營,3.9,0.53,0,29.4,93,57,25.13,4.77,20.35,2.358,0.252,2.106,1.93,1.43,22.55,0,0,76.73,0
320,高雄市,2017/01/06,楠梓,3.1,0.45,0,23.4,95,49,28.22,7.64,20.59,2.17,0.187,1.983,1.9,1.1,22.06,0,0,74.79,0
321,高雄市,2017/01/06,前金,3.7,0.52,0,34,74,0,21.68,2.86,18.82,2.204,0.222,1.981,2.33,1.47,22.69,0,0,75.17,0
322,高雄市,2017/01/06,前鎮,5.3,0.67,0,24.3,89,51,32.62,5.81,26.81,2.348,0.276,2.072,1.75,1.07,23.12,0,0,71.59,0
323,高雄市,2017/01/06,復興,5.5,0.84,0,23.4,80,52,38.16,8.61,29.55,2.422,0.406,2.016,1.13,0.81,23.26,0,0,74.46,0
324,高雄市,2017/01/06,小港,5,0.58,0,19.1,85,55,45.69,10.7,35,2.337,0.307,2.03,1.8,1.1,23.4,6.5,5.54,74.23,84.07
325,高雄市,2017/01/06,鳳山,5,0.64,0,19.3,100,50,34.08,6.1,27.98,2.376,0.337,2.04,1.35,0.9,23.34,0,0,73.06,0
326,高雄市,2017/01/06,林園,6.5,0.34,0,28.8,51,24,22.35,2.19,20.15,2.275,0.097,2.178,2.16,1.68,23.63,0,0,74.81,0
327,高雄市,2017/01/06,大寮,4.3,0.43,0,22.7,81,39,26.96,4.57,22.39,2.331,0.211,2.12,1.75,1.46,22.58,0,0,77.21,0
328,高雄市,2017/01/06,仁武,5.1,0.46,0,23.4,94,47,27.05,10.29,16.76,2.329,0.263,2.065,1.72,1.31,22.35,0,0,75.06,0
329,高雄市,2017/01/06,橋頭,2.6,0.49,0,22.7,84,56,26.79,6.84,19.94,0,0,0,1.93,1.12,21.31,0,0,77.1,0
330,高雄市,2017/01/06,美濃,2,0.3,0,29.8,56,36,11.43,2.09,9.35,0,0,0,0.9,0.72,22.39,0,0,75.09,0
331,高雄市,2017/01/05,左營,2.4,0.46,0,33.3,80,44,18.9,1.18,17.71,2.206,0.161,2.045,2.17,1.69,22.66,0,0,79.11,0
332,高雄市,2017/01/05,楠梓,2.2,0.42,0,27.5,99,47,25.16,4.57,20.59,2.103,0.158,1.945,1.98,1.08,22.09,0,0,75.74,0
333,高雄市,2017/01/05,前金,2.9,0.48,0,34,68,46,18.94,1.31,17.62,2.12,0.166,1.954,2.5,1.53,22.42,0,0,77.11,0
334,高雄市,2017/01/05,前鎮,3.1,0.65,0,29.9,80,43,27.54,3.36,24.18,2.254,0.233,2.021,1.88,0.96,22.76,0,0,73.39,0
335,高雄市,2017/01/05,復興,4.2,0.85,0,28.2,74,46,33.68,6.77,26.91,2.355,0.385,1.97,1.18,0.84,22.98,0,0,75.81,0
336,高雄市,2017/01/05,小港,4,0.6,0,26.3,83,49,36.94,6.38,30.56,2.217,0.262,1.955,1.67,0.76,22.98,0,0,76.05,0
337,高雄市,2017/01/05,鳳山,4.1,0.62,0,23.5,98,44,29.21,3.92,25.29,2.292,0.282,2.011,1.53,0.69,23.01,0,0,75.86,0
338,高雄市,2017/01/05,林園,3.8,0.39,0,33.8,55,24,22.6,2.05,20.54,2.266,0.124,2.141,2.48,1.86,23.27,0,0,76.17,0
339,高雄市,2017/01/05,大寮,3.3,0.43,0,28.5,83,40,25.35,4.58,20.76,2.294,0.216,2.079,2.1,1.46,22.14,0,0,78.72,0
340,高雄市,2017/01/05,仁武,3.4,0.45,0,25.7,89,41,26.68,8.56,18.12,2.29,0.25,2.04,1.87,1.36,22.16,0,0,77.29,0
341,高雄市,2017/01/05,橋頭,2.2,0.45,0,26.5,87,50,24.28,5,19.28,0,0,0,2.06,1.11,21.45,0,0,76.9,0
342,高雄市,2017/01/05,美濃,1.8,0.34,0,29,63,35,11.34,2.98,8.36,0,0,0,0.96,0.73,22.45,0,0,76.49,0
343,高雄市,2017/01/04,左營,4.4,0.58,0,34.4,103,54,26.85,3.85,23,2.366,0.24,2.126,1.72,1.51,22.65,0,0,80.01,0
344,高雄市,2017/01/04,楠梓,3.5,0.52,0,27,120,53,32.45,7.05,25.4,2.244,0.236,2.007,1.76,1.2,22.2,0,0,76.26,0
345,高雄市,2017/01/04,前金,3.9,0.58,0,34.7,87,51,23.53,2.79,20.74,2.209,0.23,1.978,1.75,1.11,22.58,0,0,76.28,0
346,高雄市,2017/01/04,前鎮,7.8,0.77,0,30.1,105,56,38.44,7.13,31.32,2.406,0.322,2.084,1.42,1.09,22.61,0,0,75.13,0
347,高雄市,2017/01/04,復興,6.4,0.92,0,30,98,56,40.6,7.41,33.2,2.465,0.435,2.03,0.89,0.76,22.92,0,0,77.04,0
348,高雄市,2017/01/04,小港,7.3,0.66,0,25,112,60,45.06,8.04,37.02,2.341,0.334,2.007,1.68,1.29,22.75,0,0,77.91,0
349,高雄市,2017/01/04,鳳山,4.6,0.72,0,21.8,118,50,31.6,3.29,28.3,2.463,0.369,2.095,1.08,0.7,23.1,0,0,74.24,0
350,高雄市,2017/01/04,林園,7.7,0.43,0,34.4,62,29,24.26,2.42,21.85,2.337,0.068,2.269,1.87,1.6,22.96,0,0,79.59,0
351,高雄市,2017/01/04,大寮,6.2,0.58,0,27,100,45,33.7,5.54,28.16,2.479,0.325,2.154,1.33,1.07,22.27,0,0,78.32,0
352,高雄市,2017/01/04,仁武,5.3,0.5,0,29.8,101,51,27.72,8.03,19.69,2.405,0.316,2.089,1.48,1.19,22.14,0,0,77.89,0
353,高雄市,2017/01/04,橋頭,4.1,0.52,0,27.5,104,52,28.52,6.29,22.24,0,0,0,1.71,1.29,21.51,0,0,77.34,0
354,高雄市,2017/01/04,美濃,2.2,0.39,0,35.1,75,43,12.07,1.61,10.46,0,0,0,0.89,0.7,22.13,0,0,77.28,0
355,高雄市,2017/01/03,左營,3.2,0.55,0,33.7,105,56,24.27,2.47,21.78,2.315,0.197,2.118,1.65,1.41,21.86,0,0,82.87,0
356,高雄市,2017/01/03,楠梓,3.2,0.58,0,24.4,114,63,37.01,10.06,26.95,2.268,0.25,2.019,1.58,1.18,21.37,0,0,78.97,0
357,高雄市,2017/01/03,前金,2.6,0.59,0,32.9,91,57,24.07,2.37,21.68,2.188,0.2,1.988,1.8,1.27,22.03,0,0,79.45,0
358,高雄市,2017/01/03,前鎮,4.7,0.76,0,28.3,104,63,35.57,5.34,30.23,2.359,0.275,2.085,1.46,1.04,22.19,0,0,76.99,0
359,高雄市,2017/01/03,復興,4.7,0.94,0,27.5,96,60,41.18,9.13,32.05,2.425,0.396,2.029,0.97,0.79,22.43,0,0,78.96,0
360,高雄市,2017/01/03,小港,5.4,0.63,0,26.3,108,62,43.42,9.47,33.96,2.304,0.302,2.002,1.65,1.22,22.41,0,0,79.62,0
361,高雄市,2017/01/03,鳳山,5,0.81,0,21.5,128,57,37.04,7.5,29.54,2.457,0.377,2.08,1.17,0.84,22.62,0,0,77.82,0
362,高雄市,2017/01/03,林園,7.2,0.44,0,33.4,60,31,25.02,3.33,21.69,2.269,0.067,2.203,1.69,1.53,22.61,0,0,80.96,0
363,高雄市,2017/01/03,大寮,7.5,0.61,0,22.8,99,48,34.08,6.09,28,2.439,0.273,2.167,1.45,1.34,21.78,0,0,80.66,0
364,高雄市,2017/01/03,仁武,3.9,0.53,0,29,116,49,29.3,9.75,19.56,2.742,0.589,2.153,1.35,1.1,21.53,0,0,80.05,0
365,高雄市,2017/01/03,橋頭,3.5,0.5,0,25.6,100,58,28.09,5.23,22.86,0,0,0,1.64,1.33,20.5,0,0,82.19,0
366,高雄市,2017/01/03,美濃,3,0.43,0,31.5,75,42,15.36,3.41,11.94,0,0,0,0.98,0.74,21.3,0,0,78.69,0
367,高雄市,2017/01/02,左營,2.1,0.49,0,36.8,115,64,18.17,1.19,16.98,2.226,0.141,2.085,2.08,1.56,21.4,0,0,82.19,0
368,高雄市,2017/01/02,楠梓,1.9,0.43,0,32.7,115,63,18.66,1.74,16.92,2.081,0.113,1.968,1.97,1.17,21.29,0,0,80.45,0
369,高雄市,2017/01/02,前金,2.5,0.52,0,36.6,102,60,18.47,0.83,17.61,2.118,0.144,1.973,2.47,1.42,21.67,0,0,80.81,0
370,高雄市,2017/01/02,前鎮,2.8,0.71,0,30.2,110,67,26.8,2.33,24.47,2.283,0.221,2.063,1.73,0.94,22.06,0,0,77.04,0
371,高雄市,2017/01/02,復興,2.9,0.85,0,30.6,101,64,30.58,5.04,25.55,2.326,0.319,2.008,1.23,0.76,22.27,0,0,79.11,0
372,高雄市,2017/01/02,小港,4.4,0.63,0,28.5,110,68,32.78,3.48,29.31,2.271,0.273,1.998,1.59,0.83,22.45,0,0,79.45,0
373,高雄市,2017/01/02,鳳山,4,0.59,0,26.4,134,61,26.32,2.57,23.76,2.287,0.258,2.029,1.4,0.62,22.28,0,0,81.02,0
374,高雄市,2017/01/02,林園,5.7,0.5,0,35.9,65,36,24.36,2.42,21.94,2.295,0.111,2.184,2.12,1.8,22.94,0,0,79.33,0
375,高雄市,2017/01/02,仁武,3.5,0.44,0,32.6,123,44,15.47,2.82,12.65,2.287,0.233,2.054,1.87,1.35,21.28,0,0,81.93,0
376,高雄市,2017/01/02,橋頭,2.3,0.43,0,34.1,105,64,17.33,2.08,15.25,0,0,0,2.13,1.16,20.8,0,0,81.31,0
377,高雄市,2017/01/02,美濃,1.7,0.45,0,28.1,71,45,12.62,2.4,10.22,0,0,0,0.97,0.71,21.41,0,0,80.43,0
378,高雄市,2017/01/01,左營,3.9,0.68,0,37.8,96,39,24.36,4.38,19.94,2.387,0.24,2.147,1.66,1.35,21.82,0,0,81.08,0
379,高雄市,2017/01/01,楠梓,3.3,0.61,0,31.9,110,50,29.24,8.43,20.8,2.264,0.205,2.058,1.5,1.17,21.46,0,0,77.78,0
380,高雄市,2017/01/01,前金,3.5,0.6,0,37.8,77,40,21.14,3.32,17.82,2.212,0.211,2.001,1.57,1.1,22.07,0,0,78.01,0
381,高雄市,2017/01/01,前鎮,4.5,0.78,0,35.3,90,48,33.5,8.51,24.99,2.362,0.264,2.098,1.5,1.04,22.17,0,0,76.38,0
382,高雄市,2017/01/01,復興,0,0,0,0,0,0,0,0,0,0,0,0,0,0,0,0,0,0,0
383,高雄市,2017/01/01,小港,5,0.59,0,38.8,85,51,27.46,5.15,22.31,2.221,0.216,2.005,1.78,1.46,22.29,0,0,79.26,0
384,高雄市,2017/01/01,鳳山,3.6,0.75,0,35.2,109,50,26.03,4.57,21.46,2.353,0.279,2.074,1.22,0.99,22.47,0,0,77.61,0
385,高雄市,2017/01/01,林園,5.5,0.43,0,46.2,50,29,17.17,1.56,15.61,2.207,0.049,2.158,2.05,1.88,22.49,0,0,80.35,0
386,高雄市,2017/01/01,大寮,0,0,0,0,0,0,0,0,0,0,0,0,0,0,0,0,0,0,0
387,高雄市,2017/01/01,仁武,3.4,0.54,0,36.9,111,39,19.85,5.83,14.01,2.332,0.23,2.102,1.32,1.09,21.54,0,0,79.4,0
388,高雄市,2017/01/01,橋頭,2.8,0.58,0,31.5,93,51,25.51,8.39,17.12,0,0,0,1.66,1.32,20.52,0,0,79.96,0
389,高雄市,2017/01/01,美濃,2,0.53,0,38.2,81,49,13.27,1.74,11.53,0,0,0,1.07,0.82,21.43,0,0,76.87,0
390,基隆市,2017/01/10,基隆,1.2,0.47,0,41.4,42,32,9.84,1.8,8.03,2.037,0.098,1.939,1.67,1.51,18.1,0,0,71.54,0
391,基隆市,2017/01/09,基隆,0.8,0.51,0,39.3,33,22,7.39,1.16,6.22,2.06,0.1,1.961,1.76,1.47,17.16,0,0,75.97,0
392,基隆市,2017/01/08,基隆,3.3,0.51,0,23.3,21,15,17.43,2.36,15.07,2.1,0.142,1.958,0.83,0.51,19.08,0,0,93.61,0
393,基隆市,2017/01/07,基隆,2.5,0.41,0,25.1,20,13,21.27,4.3,16.97,2.08,0.152,1.928,1.13,0.79,21.71,0,0,90.88,0
394,基隆市,2017/01/06,基隆,5.1,0.51,0,20.3,34,26,29.99,8.35,21.65,2.194,0.207,1.987,1.13,0.72,20.97,0,0,91.29,0
395,基隆市,2017/01/05,基隆,2.5,0.53,0,24.1,41,26,26,7.77,18.23,2.219,0.214,2.005,0.89,0.63,20.85,0,0,90.82,0
396,基隆市,2017/01/04,基隆,0,0,0,0,0,0,0,0,0,0,0,0,0,0,0,0,0,0,0
397,基隆市,2017/01/03,基隆,1.2,0.29,0,29,17,10,12.56,2.18,10.38,1.971,0.095,1.875,1.08,0.84,19.92,0,0,93.15,0
398,基隆市,2017/01/02,基隆,4.1,0.41,0,21.4,26,16,20.65,3.82,16.82,2.101,0.166,1.935,1.19,0.84,19.8,0,0,88.31,0
399,基隆市,2017/01/01,基隆,0.8,0.24,0,36.5,14,7,6.67,1.13,5.53,1.901,0.068,1.833,1.79,1.44,21.42,0,0,77.37,0
400,新竹市,2017/01/10,新竹,3.7,0.55,0,32.7,55,31,21.75,2.34,19.42,2.066,0.174,1.892,2.68,2.14,18.6,0,0,64.59,0
401,新竹市,2017/01/09,新竹,3.2,0.6,0,30.1,48,23,18.59,2.63,15.97,2.063,0.144,1.919,3.67,2.85,18.08,0,0,68.76,0
402,新竹市,2017/01/08,新竹,2.7,0.54,0,17.4,42,21,22.26,5.43,16.83,2.153,0.202,1.951,2.24,1.68,20.5,0,0,76.4,0
403,新竹市,2017/01/07,新竹,2.2,0.52,0,21.5,56,28,20.73,3.85,16.88,2.091,0.168,1.923,1.11,0.78,20.7,0,0,84.68,0
404,新竹市,2017/01/06,新竹,3,0.45,0,30,70,37,20.69,2.78,17.91,2.037,0.157,1.88,1.51,1.11,20.7,0,0,83.21,0
405,新竹市,2017/01/05,新竹,2.6,0.65,0,18.2,80,47,32.75,8.68,24.07,2.218,0.24,1.978,1.18,0.95,20.6,0,0,82.6,0
406,新竹市,2017/01/04,新竹,2.7,0.7,0,16.9,57,27,37.51,12.15,25.36,2.279,0.288,1.991,1.09,0.87,21.31,0,0,79.66,0
407,新竹市,2017/01/03,新竹,2.8,0.32,0,24,49,18,18.98,1.43,17.55,2.007,0.143,1.864,2.4,1.91,20.67,0,0,78.09,0
408,新竹市,2017/01/02,新竹,2.3,0.37,0,24.2,69,33,18.88,2.59,16.29,2.035,0.152,1.883,1.72,1.23,20.55,0,0,79.93,0
409,新竹市,2017/01/01,新竹,1.9,0.4,0,21.3,41,18,21.32,5.7,15.62,2.125,0.172,1.953,1.17,0.68,20.19,0,0,77.32,0
410,嘉義市,2017/01/10,嘉義,6.3,0.7,0,27.4,81,47,25.14,4.23,20.91,2.151,0.229,1.922,2.12,1.04,19.52,0,0,66.31,0
411,嘉義市,2017/01/09,嘉義,6.3,0.75,0,19.1,71,37,28.43,6.75,21.68,2.187,0.24,1.947,2.06,1.17,20.42,0,0,69.18,0
412,嘉義市,2017/01/08,嘉義,4.8,0.68,0,21.4,71,44,21.31,4.45,16.86,2.166,0.235,1.931,1.92,1.11,22.57,0,0,69.92,0
413,嘉義市,2017/01/07,嘉義,3.9,0.65,0,24.3,108,61,22.33,4.07,18.26,2.158,0.235,1.922,1.68,1.02,21.99,0,0,75.89,0
414,嘉義市,2017/01/06,嘉義,3.6,0.6,0,21.9,108,74,24.83,5.64,19.2,2.152,0.251,1.901,1.91,0.97,20.57,0,0,79.3,0
415,嘉義市,2017/01/05,嘉義,2.9,0.46,0,27.5,84,49,15.75,2.45,13.3,2.014,0.17,1.844,1.7,1.06,21.62,0,0,74.94,0
416,嘉義市,2017/01/04,嘉義,5.3,0.58,0,26.2,87,49,24.95,7.16,17.79,2.17,0.257,1.913,1.54,1.06,21.62,0,0,75.82,0
417,嘉義市,2017/01/03,嘉義,5.3,0.62,0,20.8,93,55,25.66,6.68,18.99,2.142,0.218,1.923,1.52,1.03,20.91,0,0,78.04,0
418,嘉義市,2017/01/02,嘉義,5.3,0.55,0,26,102,61,17.25,3.33,13.92,2.024,0.154,1.87,1.61,1.03,20.86,0,0,77.91,0
419,嘉義市,2017/01/01,嘉義,3.4,0.57,0,28,75,43,19.17,2.76,16.48,2.078,0.163,1.915,1.34,0.88,20.33,0,0,77.75,0
420,宜蘭縣,2017/01/10,宜蘭,1.6,0.49,432.45,31.3,59,27,8.93,1.36,7.57,0,0,0,0.92,0.52,17.7,0,0,79.36,0
421,宜蘭縣,2017/01/10,冬山,1.6,0.43,0,30.4,55,25,9.64,1.36,8.28,0,0,0,1.37,1.24,17.19,0,0,77.38,0
422,宜蘭縣,2017/01/09,宜蘭,3.3,0.5,433.99,34.5,48,19,7.84,1.33,6.49,0,0,0,1.33,0.76,17.22,0,0,86.43,0
423,宜蘭縣,2017/01/09,冬山,1.4,0.51,0,30.1,54,19,15.07,2.71,12.36,0,0,0,1.71,1.04,17.05,0.5,3.38,80.76,489.38
424,宜蘭縣,2017/01/08,宜蘭,1.6,0.46,439.13,25,35,13,10.16,2.01,8.15,0,0,0,1.76,1.43,21.07,0,0,85.75,0
425,宜蘭縣,2017/01/08,冬山,0.9,0.45,0,23.3,41,12,17.67,5.28,12.4,0,0,0,1.62,1.15,20.29,0.67,3.68,85.95,159.46
426,宜蘭縣,2017/01/07,宜蘭,3.5,0.32,422.78,26.8,36,12,10.16,2.35,7.81,0,0,0,1.13,0.71,23.29,0,0,87.14,0
427,宜蘭縣,2017/01/07,冬山,1.8,0.3,0,20,39,14,15.68,4.92,10.76,0,0,0,1.21,0.8,22.56,0,0,81.81,0
428,宜蘭縣,2017/01/06,宜蘭,2.6,0.42,434.33,24.5,49,21,11.94,2.21,9.72,0,0,0,1.08,0.72,22.05,0,0,89.56,0
429,宜蘭縣,2017/01/06,冬山,2.5,0.41,0,19.3,61,26,20.81,6.2,14.61,0,0,0,0.97,0.72,21.62,0,0,86.19,0
430,宜蘭縣,2017/01/05,宜蘭,2.7,0.37,433.79,21.8,38,11,13.66,2.61,11.04,0,0,0,1.16,0.78,22.56,0,0,84.92,0
431,宜蘭縣,2017/01/05,冬山,2.2,0.29,0,17.5,35,13,17.03,6.3,10.73,0,0,0,1.15,0.8,21.79,0,0,82.57,0
432,宜蘭縣,2017/01/04,宜蘭,1.8,0.33,429.06,25.9,26,8,10.08,1.03,9.08,0,0,0,1.31,0.8,22.13,0,0,88.86,0
433,宜蘭縣,2017/01/04,冬山,13.7,0.25,0,19.9,22,5,14.95,4.41,10.55,0,0,0,1.49,1.25,21.48,0,0,86.61,0
434,宜蘭縣,2017/01/03,宜蘭,1.4,0.31,429.15,29.8,33,12,8.5,0.72,7.78,0,0,0,1.27,0.83,20.88,0,0,93.4,0
435,宜蘭縣,2017/01/03,冬山,1.5,0.26,0,23.3,28,11,13.82,2.89,10.94,0,0,0,1.32,0.96,20.43,3.63,4.62,91.03,25.14
436,宜蘭縣,2017/01/02,宜蘭,2.5,0.33,430.69,27.4,35,12,10.2,2.04,8.15,0,0,0,1.1,0.77,21.7,0,0,79.84,0
437,宜蘭縣,2017/01/02,冬山,1.7,0.28,0,25.1,39,12,16.1,4.94,11.16,0,0,0,1.42,1.07,20.58,0,0,79.93,0
438,宜蘭縣,2017/01/01,宜蘭,1.4,0.28,421.55,30.5,29,9,8.57,1.39,7.18,0,0,0,1.25,0.98,20.8,0,0,87.97,0
439,宜蘭縣,2017/01/01,冬山,0.8,0.2,0,24.5,26,6,9.35,2.55,6.8,0,0,0,1.42,1.14,20.29,1.33,4.81,83.56,45.75
440,桃園市,2017/01/10,桃園,4.6,0.58,0,35.9,55,34,18.96,2.9,16.06,2.094,0.123,1.971,2.44,2.05,18.38,0,0,67.13,0
441,桃園市,2017/01/10,中壢,3.8,0.97,0,29.1,55,30,39.75,13.43,26.33,2.334,0.314,2.02,1.49,0.27,18.6,0,0,65.9,0
442,桃園市,2017/01/10,大園,4.8,0.44,0,34,60,32,24.66,4.86,19.8,0,0,0,5.2,4.78,17.99,0,0,65.79,0
443,桃園市,2017/01/10,龍潭,1.9,0.5,0,36.1,49,30,14.75,2.17,12.58,0,0,0,3.99,3.8,16.76,0,0,69.23,0
444,桃園市,2017/01/10,平鎮,2.9,0.56,0,35.6,53,28,19.84,2.35,17.5,0,0,0,3.44,2.98,18.24,0,0,68.27,0
445,桃園市,2017/01/10,觀音,4.6,0.43,0,36.5,64,34,16.13,1.63,14.5,0,0,0,5.32,5.1,18.55,0,0,69.53,0
446,桃園市,2017/01/09,桃園,3.7,0.62,0,32.4,39,19,18.24,2.18,16.06,2.148,0.134,2.014,2.29,1.93,17.64,0,0,71.29,0
447,桃園市,2017/01/09,中壢,3.7,1.01,0,25.8,45,21,37.85,14,23.84,0,0,0,1.61,0.31,17.43,0,0,70.81,0
448,桃園市,2017/01/09,大園,3.8,0.52,0,33.1,57,21,21.94,4.02,17.92,0,0,0,6.05,5.57,17.27,0,0,69.96,0
449,桃園市,2017/01/09,龍潭,3.8,0.52,0,33.8,45,22,13.62,2.55,11.07,0,0,0,5.5,5.29,16.03,0,0,74.45,0
450,桃園市,2017/01/09,平鎮,3.7,0.61,0,33.3,42,20,16.06,1.07,14.98,0,0,0,3.54,3.16,17.61,0,0,72.53,0
451,桃園市,2017/01/09,觀音,5.4,0.51,0,35.2,49,25,13.93,0.94,12.97,0,0,0,6.21,5.76,17.72,0,0,72.72,0
452,桃園市,2017/01/08,桃園,3.8,0.68,0,18.1,38,18,25.87,6.85,19.02,2.258,0.2,2.058,1.36,0.93,20.24,0,0,80.99,0
453,桃園市,2017/01/08,中壢,3.2,0.9,0,14.1,34,15,41.95,15.68,26.27,2.388,0.293,2.095,1.08,0.28,20.27,0,0,77.77,0
454,桃園市,2017/01/08,大園,2.8,0.45,0,24.7,39,17,18.68,3.05,15.63,0,0,0,4.79,3.93,20.04,0,0,82.62,0
455,桃園市,2017/01/08,龍潭,3.4,0.5,0,21.4,35,19,18.55,3.68,14.86,0,0,0,2.92,2.43,19.07,0,0,78.67,0
456,桃園市,2017/01/08,平鎮,2.2,0.53,0,20.1,37,14,21.51,3.01,18.49,0,0,0,2.55,1.85,20.14,0,0,81.16,0
457,桃園市,2017/01/08,觀音,3.2,0.48,0,24.8,45,22,14.36,1.15,13.19,0,0,0,3.91,3.58,19.99,0,0,83.68,0
458,桃園市,2017/01/07,桃園,5.4,0.62,0,17.6,52,28,30.22,5.62,24.6,2.284,0.243,2.041,0.93,0.61,21.9,0,0,82.22,0
459,桃園市,2017/01/07,中壢,3.4,1.37,0,14.2,63,31,61.54,32.45,29.09,2.54,0.483,2.057,0.91,0.44,21.37,0,0,82.29,0
460,桃園市,2017/01/07,大園,5,0.38,0,24.2,57,20,23.66,6.96,16.7,0,0,0,1.97,1.58,21.07,0,0,92.99,0
461,桃園市,2017/01/07,龍潭,2.2,0.51,0,18.8,60,28,20.74,5.31,15.42,0,0,0,1.68,1.46,20.27,0,0,82.38,0
462,桃園市,2017/01/07,平鎮,3.2,0.51,0,19.6,54,23,26.62,5.52,21.11,0,0,0,1.31,1.12,21.43,0,0,85.3,0
463,桃園市,2017/01/07,觀音,3.3,0.34,0,26.1,51,22,13.94,1.95,11.97,0,0,0,1.48,1.08,20.72,0,0,90.81,0
464,桃園市,2017/01/06,桃園,3.7,0.61,0,22.7,64,35,29.48,5.75,23.73,2.206,0.216,1.99,1.05,0.57,21.54,0,0,82.53,0
465,桃園市,2017/01/06,中壢,3.4,0.95,0,17.4,71,34,48.51,16.97,31.54,2.381,0.352,2.03,0.96,0.26,20.6,0,0,85.29,0
466,桃園市,2017/01/06,大園,3.5,0.31,0,32,62,28,21.25,4.26,16.99,0,0,0,4.08,2.98,20.36,0,0,94.02,0
467,桃園市,2017/01/06,龍潭,4.1,0.58,0,21.1,74,42,27.68,4.29,23.39,0,0,0,1.61,1.05,19.77,0,0,85.28,0
468,桃園市,2017/01/06,平鎮,4.6,0.45,0,26.3,67,34,24.64,3.52,21.12,0,0,0,1.93,1.08,20.5,0,0,88.77,0
469,桃園市,2017/01/06,觀音,3.2,0.27,0,37.4,57,26,10.84,1.3,9.53,0,0,0,3.03,2.68,20.42,0,0,91.14,0
470,桃園市,2017/01/05,桃園,7.4,0.76,0,15.1,68,42,44.4,13.38,31.01,2.437,0.345,2.091,0.8,0.48,21.55,0,0,79.22,0
471,桃園市,2017/01/05,中壢,3.7,1.31,0,12.8,75,39,68.46,34.64,33.82,2.654,0.593,2.06,0.93,0.45,21.1,0,0,78.64,0
472,桃園市,2017/01/05,大園,5.2,0.46,0,25.1,75,43,29,6.64,22.36,0,0,0,2.14,1.83,20.78,0,0,84.19,0
473,桃園市,2017/01/05,龍潭,2.8,0.46,0,24.3,57,36,20.58,4.75,15.84,0,0,0,1.37,1.3,19.9,0,0,79.63,0
474,桃園市,2017/01/05,平鎮,3.1,0.52,0,18.6,69,37,32.59,7.76,24.83,0,0,0,1.33,1.06,21.24,0,0,81.29,0
475,桃園市,2017/01/05,觀音,2.7,0.4,0,26.2,66,40,24.2,5,19.2,0,0,0,1.9,1.67,20.84,0,0,86.31,0
476,桃園市,2017/01/04,桃園,4.1,0.44,0,23.8,25,11,22.94,5.4,17.54,2.067,0.157,1.911,1.73,1.45,23,0,0,74.61,0
477,桃園市,2017/01/04,中壢,3.8,1.24,0,18,40,11,56.54,25.83,30.71,2.504,0.496,2.008,1.07,0.41,22.76,0,0,74.95,0
478,桃園市,2017/01/04,大園,3.5,0.23,0,30,37,13,21.82,5.4,16.42,0,0,0,4.84,4.59,22.34,0,0,77.93,0
479,桃園市,2017/01/04,龍潭,2.9,0.5,0,22,37,17,27.39,7.82,19.58,0,0,0,1.68,1.53,20.93,0,0,78.83,0
480,桃園市,2017/01/04,平鎮,3.7,0.42,0,27.3,34,14,23.08,3.21,19.86,0,0,0,2.21,1.9,22.73,0,0,77.56,0
481,桃園市,2017/01/04,觀音,5.1,0.32,0,31.6,43,18,15.85,2.83,12.99,0,0,0,4.34,4.26,21.63,0,0,85.31,0
482,桃園市,2017/01/03,桃園,4.3,0.41,0,26,25,12,21.14,3.12,18.02,1.997,0.12,1.877,1.79,1.44,20.83,0,0,83.91,0
483,桃園市,2017/01/03,中壢,4.1,0.67,0,21.9,39,12,37.35,12.83,24.52,2.233,0.266,1.967,1.59,0.41,20.75,0,0,81.45,0
484,桃園市,2017/01/03,大園,4.7,0.19,0,31.5,40,15,20.47,3.38,17.07,0,0,0,6.26,5.53,20.51,0,0,0,0
485,桃園市,2017/01/03,龍潭,2.4,0.27,0,31.4,32,12,12.92,2.04,10.88,0,0,0,5.19,4.96,19.59,0,0,83.09,0
486,桃園市,2017/01/03,平鎮,3.9,0.36,0,27.6,30,10,20.01,2.65,17.37,0,0,0,3.62,3.25,20.86,0,0,83.79,0
487,桃園市,2017/01/03,觀音,4.4,0.35,0,36.9,45,17,10.08,1.13,8.94,0,0,0,6.42,6.29,20.91,0,0,85.12,0
488,桃園市,2017/01/02,桃園,3.2,0.5,0,24,42,21,23.6,4.87,18.73,2.148,0.161,1.987,1.07,0.62,20.76,0,0,79.65,0
489,桃園市,2017/01/02,中壢,2.9,0.87,0,17.9,51,21,43.6,17.29,26.31,2.332,0.33,2.002,1.05,0.43,20.21,0,0,82.6,0
490,桃園市,2017/01/02,大園,4.4,0.27,0,24.4,51,24,20.67,3.24,17.43,0,0,0,3.47,2.63,20.11,0,0,86.38,0
491,桃園市,2017/01/02,龍潭,2.6,0.43,0,26,49,25,18.28,2.78,15.49,0,0,0,2.17,1.62,19.26,0,0,81.38,0
492,桃園市,2017/01/02,平鎮,3,0.39,0,23.9,48,20,20.39,2.63,17.76,0,0,0,1.93,1.43,20.29,0,0,85.67,0
493,桃園市,2017/01/02,觀音,4.7,0.35,0,27.4,57,25,14.59,1.41,13.18,0,0,0,3.03,2.31,20.19,0,0,90.37,0
494,桃園市,2017/01/01,桃園,2.1,0.37,0,31.9,21,9,14.75,3.54,11.21,1.997,0.095,1.902,2.21,2.05,22.46,0,0,67.61,0
495,桃園市,2017/01/01,中壢,3.1,1.03,0,23.2,32,11,46.52,22.9,23.61,2.346,0.349,1.997,1.08,0.63,22.01,0,0,69.36,0
496,桃園市,2017/01/01,大園,2.4,0.28,0,31,32,12,18.2,3.26,14.93,0,0,0,3.77,3.11,21.92,0,0,67.04,0
497,桃園市,2017/01/01,龍潭,2.5,0.53,0,26.9,37,18,23.4,8.63,14.76,0,0,0,1.62,1.26,20.29,0,0,73.26,0
498,桃園市,2017/01/01,平鎮,3.7,0.42,0,31,34,13,19.32,4.61,14.7,0,0,0,2.16,1.78,21.95,0,0,72.43,0
499,桃園市,2017/01/01,觀音,2.7,0.23,0,32.5,28,13,11.01,1.01,9.99,0,0,0,3.16,2.63,21.05,0,0,79.53,0
500,新竹縣,2017/01/10,竹東,1.8,0.5,0,29,43,26,12.62,2.14,10.47,0,0,0,1.46,0.98,17.76,0,0,69.51,0
501,新竹縣,2017/01/10,湖口,3.3,0.47,0,41,52,30,13.6,2.33,11.27,0,0,0,4.63,4.52,18.53,0,0,68.52,0
502,新竹縣,2017/01/09,竹東,2.1,0.48,0,34.3,37,20,9.65,1.43,8.22,0,0,0,2.68,2.06,17.7,0,0,71.08,0
503,新竹縣,2017/01/09,湖口,2.5,0.54,0,38,44,19,10.58,1.49,9.1,0,0,0,6.01,5.73,17.98,0,0,71.37,0
504,新竹縣,2017/01/08,竹東,0,0,0,0,35,0,0,0,0,0,0,0,2.11,0,0,0,0,0,0
505,新竹縣,2017/01/08,湖口,3.4,0.46,0,25,39,16,14.31,1.49,12.82,0,0,0,3.62,3.42,20.55,0,0,79.1,0
506,新竹縣,2017/01/07,竹東,1.8,0.41,0,18.4,56,32,14.46,2.74,11.71,0,0,0,1.34,1.13,20.58,0,0,86,0
507,新竹縣,2017/01/07,湖口,2.8,0.38,0,26.3,58,23,15.66,2.06,13.6,0,0,0,1.53,1.26,20.82,0,0,87.07,0
508,新竹縣,2017/01/06,竹東,2.8,0.43,0,19.9,69,40,17.96,2.71,15.24,0,0,0,1.37,1,20.78,0,0,83.56,0
509,新竹縣,2017/01/06,湖口,3.6,0.34,0,37.8,66,27,12.71,2.78,9.93,0,0,0,2.74,2.46,20.65,0,0,87.06,0
510,新竹縣,2017/01/05,竹東,1.7,0.44,0,19.7,64,40,17.69,5.78,11.91,0,0,0,1.16,0.89,20.34,0,0,82.41,0
511,新竹縣,2017/01/05,湖口,4.4,0.44,0,26.4,79,38,26.69,7.49,19.18,0,0,0,1.71,1.43,20.63,0,0,85.52,0
512,新竹縣,2017/01/04,竹東,1.8,0.37,0,18.1,35,21,15.81,2.43,13.38,0,0,0,1.41,1.18,20.78,0,0,80.4,0
513,新竹縣,2017/01/04,湖口,3.2,0.37,0,30.7,46,20,21.97,6.96,15.01,0,0,0,2.56,2.29,21.92,0,0,81.95,0
514,新竹縣,2017/01/03,竹東,1.9,0.3,0,20.6,20,11,13.46,3.19,10.26,0,0,0,1.99,1.56,19.53,0,0,79.52,0
515,新竹縣,2017/01/03,湖口,3.5,0.23,0,35.8,34,15,11.19,1.35,9.87,0,0,0,5.1,4.96,21.06,0,0,82.18,0
516,新竹縣,2017/01/02,竹東,1.9,0.34,0,25.4,43,25,13.34,2.54,10.8,0,0,0,1.54,1.06,20.04,0,0,78.09,0
517,新竹縣,2017/01/02,湖口,3.4,0.32,0,24.9,75,31,19.16,1.15,18.13,0,0,0,2.54,2.28,20.5,0,0,86.02,0
518,新竹縣,2017/01/01,竹東,2.2,0.41,0,20.5,34,20,14.77,2.54,12.22,0,0,0,1.3,1.08,20.06,0,0,75.51,0
519,新竹縣,2017/01/01,湖口,2.8,0.31,0,30.4,33,14,16.69,5.04,11.65,0,0,0,2.27,1.85,21.27,0,0,78.04,0
520,苗栗縣,2017/01/10,苗栗,4.4,0.6,0,25.8,65,29,23.7,3.4,20.3,0,0,0,2,1.2,17.69,0,0,71.19,0
521,苗栗縣,2017/01/10,頭份,3.1,0.54,0,31.8,61,35,25.63,2.81,22.82,2.114,0.158,1.956,2.06,1.54,18.83,0,0,67.12,0
522,苗栗縣,2017/01/10,三義,1.9,0.41,0,36.2,46,27,9.82,1.77,8.05,0,0,0,3.66,3.11,15.26,0,0,83.97,0
523,苗栗縣,2017/01/09,苗栗,4,0.59,0,34.3,53,21,15.63,2.07,13.56,0,0,0,3.52,2.63,18.35,0,0,69.96,0
524,苗栗縣,2017/01/09,頭份,3.2,0.55,0,33.7,49,24,19.21,1.71,17.49,2.047,0.12,1.927,3.46,3.04,18.75,0,0,69.85,0
525,苗栗縣,2017/01/09,三義,1.6,0.48,0,33.7,36,20,9.4,1.67,7.72,0,0,0,4.9,4.22,15.79,0,0,86.5,0
526,苗栗縣,2017/01/08,苗栗,3.4,0.52,0,17.1,48,18,21.3,4.12,17.18,0,0,0,1.98,0.97,20.57,0,0,79.3,0
527,苗栗縣,2017/01/08,頭份,2.7,0.44,0,21.2,42,21,18.15,2.99,15.16,2.095,0.127,1.968,2.03,1.42,21.17,0,0,78.62,0
528,苗栗縣,2017/01/08,三義,1.8,0.37,0,23.9,39,21,13.26,1.92,11.32,0,0,0,3.06,2.34,18.92,0,0,86.39,0
529,苗栗縣,2017/01/07,苗栗,1.8,0.43,0,23.5,75,27,16.22,2.61,13.62,0,0,0,1.12,0.69,20.47,0,0,89.03,0
530,苗栗縣,2017/01/07,頭份,1.9,0.38,0,24.7,65,26,14.12,1.76,12.36,2.009,0.097,1.911,1.34,1.09,20.93,0,0,88.94,0
531,苗栗縣,2017/01/07,三義,2.1,0.39,0,19.7,60,27,17.59,3.78,13.81,0,0,0,1.54,1.17,19.98,0,0,85.45,0
532,苗栗縣,2017/01/06,苗栗,2.8,0.46,0,25.2,85,38,19.5,2.56,16.94,0,0,0,1.84,0.94,20.39,0,0,87.72,0
533,苗栗縣,2017/01/06,頭份,2.1,0.4,0,29.8,74,39,18.05,1.91,16.16,2.02,0.122,1.898,2,0.87,21.22,0,0,86.89,0
534,苗栗縣,2017/01/06,三義,2,0.34,0,26.5,64,27,13.87,1.9,11.97,0,0,0,2.54,1.82,18.5,0,0,92.01,0
535,苗栗縣,2017/01/05,苗栗,3.1,0.55,0,21,86,44,23.19,5.4,17.79,0,0,0,1.05,0.7,20.33,0,0,85.06,0
536,苗栗縣,2017/01/05,頭份,2.6,0.5,0,19.7,86,47,28.26,7.13,21.14,2.202,0.208,1.994,1.33,1.01,20.68,0,0,87.96,0
537,苗栗縣,2017/01/05,三義,2.4,0.35,0,31,87,43,13.54,1.7,11.85,0,0,0,1.71,1.45,19.15,0,0,87.27,0
538,苗栗縣,2017/01/04,苗栗,2.5,0.4,0,20.5,50,17,19.61,3.81,15.8,0,0,0,1,0.68,21.28,0,0,82.5,0
539,苗栗縣,2017/01/04,頭份,2,0.43,0,17,44,22,25.06,6.31,18.75,2.106,0.162,1.944,1.14,0.95,21.57,0,0,83.74,0
540,苗栗縣,2017/01/04,三義,1.8,0.29,0,29.5,42,22,10.01,1.22,8.78,0,0,0,1.64,1.11,19.14,0,0,87.97,0
541,苗栗縣,2017/01/03,苗栗,3.5,0.47,0,14.9,50,18,26.94,8.21,18.73,0,0,0,1.68,0.78,20.05,0,0,83.03,0
542,苗栗縣,2017/01/03,頭份,1.9,0.4,0,19.3,40,21,20.48,3.86,16.63,2.072,0.152,1.92,1.75,1.07,20.69,0,0,82.05,0
543,苗栗縣,2017/01/03,三義,2,0.25,0,26.9,37,16,10.17,1.48,8.69,0,0,0,3.07,2.44,18.45,0,0,90.19,0
544,苗栗縣,2017/01/02,苗栗,3.3,0.47,0,21,73,32,22.82,4.43,18.4,0,0,0,1.81,0.76,20.2,0,0,84.65,0
545,苗栗縣,2017/01/02,頭份,2.5,0.38,0,26.5,65,35,19.35,2.21,17.13,2.007,0.117,1.89,1.87,1.18,21.05,0,0,83.4,0
546,苗栗縣,2017/01/02,三義,1.5,0.31,0,30.2,61,28,10.46,1.14,9.32,0,0,0,2.48,1.87,18.15,0,0,92.62,0
547,苗栗縣,2017/01/01,苗栗,1.9,0.45,0,20.1,57,18,25.38,10.72,14.66,0,0,0,1.43,0.57,19.22,0,0,85.18,0
548,苗栗縣,2017/01/01,頭份,1.6,0.34,0,19.9,45,24,16.98,3.24,13.74,2.048,0.106,1.942,1.79,0.97,19.77,0,0,83.69,0
549,苗栗縣,2017/01/01,三義,1.6,0.34,0,33.6,47,22,8.5,1,7.48,0,0,0,2.12,1.63,18.06,0,0,90.23,0
550,彰化縣,2017/01/10,彰化,3.2,0.62,0,26.8,56,35,21.71,1.85,19.88,2.058,0.188,1.87,2.59,1.02,18.38,0,0,67.05,0
551,彰化縣,2017/01/10,線西,6.8,0.58,0,32.2,68,38,22,1.74,20.24,2.075,0.095,1.98,5.29,4.46,18.71,0,0,71.03,0
552,彰化縣,2017/01/10,二林,5.6,0.53,0,33.4,71,30,18.57,2.08,16.48,0,0,0,3.99,2.85,19.68,0,0,72.02,0
553,彰化縣,2017/01/09,彰化,2.2,0.61,0,25.6,35,20,18.79,2.85,15.94,2.032,0.16,1.873,2.96,0.94,19.13,0,0,68.97,0
554,彰化縣,2017/01/09,線西,5.1,0.61,0,30.3,58,27,19.07,2.13,16.94,2.077,0.092,1.986,6.14,5.32,19.1,0,0,72.99,0
555,彰化縣,2017/01/09,二林,3.8,0.56,0,29.4,54,17,16.4,1.63,14.78,0,0,0,4.56,3.06,20.17,0,0,74.47,0
556,彰化縣,2017/01/08,彰化,3.4,0.66,0,17.1,46,29,24.04,5.21,18.83,2.155,0.246,1.909,2.27,0.98,21.64,0,0,74.24,0
557,彰化縣,2017/01/08,線西,5.9,0.61,0,17.8,68,35,24.79,4.99,19.8,2.148,0.143,2.005,3.5,2.26,21.17,0,0,81.94,0
558,彰化縣,2017/01/08,二林,5.2,0.61,0,18.5,73,28,24.98,7.38,17.6,0,0,0,2.72,1.35,21.88,0,0,83.06,0
559,彰化縣,2017/01/07,彰化,4.2,0.64,0,21.6,78,46,24.23,3.8,20.44,2.099,0.233,1.866,1.51,0.83,21.24,0,0,80.59,0
560,彰化縣,2017/01/07,線西,4.9,0.41,0,29.2,76,34,17.67,3.38,14.29,2.013,0.087,1.926,1.78,0.98,20.86,0,0,87.94,0
561,彰化縣,2017/01/07,二林,3.6,0.36,0,28.6,80,28,12.04,1.19,10.83,0,0,0,1.61,1.04,21.56,0,0,88.1,0
562,彰化縣,2017/01/06,彰化,3.5,0.52,0,22,79,52,22.8,2.67,20.13,2.055,0.216,1.839,2.07,0.99,20.33,0,0,81.87,0
563,彰化縣,2017/01/06,線西,3.9,0.36,0,32.6,79,44,16.32,2.08,14.24,1.983,0.067,1.916,2.95,1.59,20.56,0,0,87.7,0
564,彰化縣,2017/01/06,二林,4.5,0.34,0,29.3,89,34,13.25,1.22,12.03,0,0,0,2.24,1.08,21.04,0,0,89.07,0
565,彰化縣,2017/01/05,彰化,4.9,0.53,0,22.8,96,68,21.63,2.08,19.55,2.084,0.224,1.86,1.62,1.07,20.62,0,0,80.95,0
566,彰化縣,2017/01/05,線西,3.4,0.42,0,30.1,110,65,16.52,1.7,14.82,2.07,0.117,1.953,1.9,1.42,20.76,0,0,86.66,0
567,彰化縣,2017/01/05,二林,3.2,0.33,0,30.9,110,42,12.08,1.08,11,0,0,0,1.62,1.18,21.54,0,0,86.19,0
568,彰化縣,2017/01/04,彰化,4.5,0.6,0,14.8,51,28,28.68,5.77,22.91,2.167,0.284,1.884,1.35,0.8,20.83,0,0,79.75,0
569,彰化縣,2017/01/04,線西,5.5,0.31,0,28,61,30,18.93,2.52,16.41,1.969,0.07,1.9,2.47,1.29,21.09,0,0,86.92,0
570,彰化縣,2017/01/04,二林,3.6,0.33,0,24.6,65,22,16.4,1.96,14.43,0,0,0,1.74,0.82,21.6,0,0,87.18,0
571,彰化縣,2017/01/03,彰化,4.1,0.59,0,15.6,63,35,29.45,8.45,21,2.143,0.25,1.893,1.98,0.79,20.8,0,0,78.21,0
572,彰化縣,2017/01/03,線西,5.1,0.47,0,23.7,67,32,20.9,3.47,17.43,2.038,0.101,1.937,3.57,2.95,20.8,0,0,84.02,0
573,彰化縣,2017/01/03,二林,4.5,0.42,0,21.4,63,23,21.23,8.27,12.95,0,0,0,2.51,1.23,21.06,0,0,84.08,0
574,彰化縣,2017/01/02,彰化,3.5,0.48,0,23.9,67,43,17.82,2.49,15.33,1.998,0.163,1.835,1.85,0.86,20.64,0,0,79.29,0
575,彰化縣,2017/01/02,線西,3.3,0.41,0,26.1,77,40,16.24,2.21,14.03,2.001,0.07,1.932,2.41,1.57,20.83,0,0,86.36,0
576,彰化縣,2017/01/02,二林,3.1,0.32,0,24.3,79,28,13.7,1.54,12.15,0,0,0,2.08,1.14,21.7,0,0,82.57,0
577,彰化縣,2017/01/01,彰化,3.1,0.58,0,22.3,58,34,21.03,4.55,16.47,2.124,0.218,1.906,1.74,0.89,20.03,0,0,80.3,0
578,彰化縣,2017/01/01,線西,3.8,0.48,0,24.6,66,33,22.77,7.04,15.75,2.11,0.122,1.988,2.37,1.43,20.06,0,0,86.2,0
579,彰化縣,2017/01/01,二林,4.5,0.41,0,24.2,61,24,20.94,7.42,13.52,0,0,0,1.74,0.77,20.72,0,0,83.56,0
580,南投縣,2017/01/10,南投,3.2,0.69,0,23.1,69,37,30.52,6.13,24.39,2.122,0.226,1.896,1.29,0.78,18.9,0,0,69.54,0
581,南投縣,2017/01/10,埔里,2.3,0.55,0,30.7,53,37,20.36,3.76,16.6,0,0,0,1.32,1.07,18.91,0,0,69.3,0
582,南投縣,2017/01/10,竹山,4.5,0.59,0,30.2,77,51,23.81,3.08,20.73,0,0,0,1.33,0.84,18.74,0,0,73.56,0
583,南投縣,2017/01/09,南投,1.9,0.72,0,19.5,54,30,29.64,7.28,22.36,2.145,0.221,1.924,1.49,0.78,19.96,0,0,71.53,0
584,南投縣,2017/01/09,埔里,2.8,0.5,0,27.1,46,31,18.97,3.8,15.17,0,0,0,1.21,1.03,20.36,0,0,69.08,0
585,南投縣,2017/01/09,竹山,3.6,0.61,0,22.2,67,39,25.56,4.83,20.73,0,0,0,1.5,1.01,19.85,0,0,75.76,0
586,南投縣,2017/01/08,南投,1.6,0.51,0,19.7,50,27,20.77,4.63,16.14,2.011,0.165,1.846,1.36,0.83,21.79,0,0,73.01,0
587,南投縣,2017/01/08,埔里,2,0.4,0,27.6,42,26,14.45,2.19,12.25,0,0,0,1.18,0.96,21.43,0,0,71.21,0
588,南投縣,2017/01/08,竹山,3.1,0.47,0,26.1,59,38,17.55,1.56,15.97,0,0,0,1.34,0.89,21.64,0,0,76.24,0
589,南投縣,2017/01/07,南投,2.9,0.57,0,21.7,100,58,22.87,3.65,19.22,2.063,0.237,1.826,1.19,0.83,21.82,0,0,77.39,0
590,南投縣,2017/01/07,埔里,2.1,0.37,0,23.9,47,32,13.96,2.02,11.94,0,0,0,1.3,1.09,20.9,0,0,71.56,0
591,南投縣,2017/01/07,竹山,3.3,0.44,0,23.4,91,56,17.75,2.05,15.69,0,0,0,1.21,0.9,21.13,0,0,80.9,0
592,南投縣,2017/01/06,南投,2.2,0.54,0,20.2,97,58,28.08,7.1,20.98,2.122,0.277,1.845,1.26,0.75,20.11,0,0,82.09,0
593,南投縣,2017/01/06,埔里,2.5,0.36,0,25.1,60,41,16.31,3.46,12.85,0,0,0,1.4,1.11,20.66,0,0,74.43,0
594,南投縣,2017/01/06,竹山,3.7,0.37,0,24,82,53,17.79,2.09,15.66,0,0,0,1.44,0.97,19.62,0,0,84.31,0
595,南投縣,2017/01/05,南投,1.8,0.55,0,17.5,87,52,25.39,6.64,18.75,2.016,0.184,1.832,1.36,0.97,20.59,0,0,79.57,0
596,南投縣,2017/01/05,埔里,1.8,0.38,0,29.4,62,46,13.27,2.24,11.02,0,0,0,1.2,0.88,20.73,0,0,74.15,0
597,南投縣,2017/01/05,竹山,3.1,0.4,0,23.8,79,51,16.82,2.05,14.77,0,0,0,1.04,0.72,20.08,0,0,83.44,0
598,南投縣,2017/01/04,南投,3.2,0.61,0,17.6,76,44,29.62,9.26,20.37,2.087,0.267,1.82,1.03,0.87,20.46,0,0,80.45,0
599,南投縣,2017/01/04,埔里,1.3,0.42,0,32.8,64,44,13.3,1.79,11.51,0,0,0,1.26,1.1,19.98,0,0,75.2,0
600,南投縣,2017/01/04,竹山,3.3,0.4,0,23.5,78,51,16.27,1.25,15.02,0,0,0,1,0.76,20.19,0,0,81.57,0
601,南投縣,2017/01/03,南投,1.9,0.51,0,19.7,68,37,25.23,8.24,16.99,2.023,0.187,1.836,1.14,0.75,20.32,0,0,79.37,0
602,南投縣,2017/01/03,埔里,1.2,0.44,0,29.7,54,35,16.45,2.13,14.32,0,0,0,1.37,1.02,19.6,0,0,75.87,0
603,南投縣,2017/01/03,竹山,2.1,0.41,0,27,70,45,16.79,2.4,14.39,0,0,0,1.09,0.77,19.81,0,0,81.68,0
604,南投縣,2017/01/02,南投,1.3,0.52,0,19.7,78,47,22.47,5.94,16.53,1.989,0.158,1.831,1.31,0.84,20.11,0,0,80.43,0
605,南投縣,2017/01/02,埔里,1.2,0.47,0,25.8,53,35,17.07,1.55,15.55,0,0,0,1.15,1.01,19.29,0,0,73.76,0
606,南投縣,2017/01/02,竹山,2.3,0.39,0,27.1,73,49,13.97,1.31,12.68,0,0,0,1.46,1,19.67,0,0,82.7,0
607,南投縣,2017/01/01,南投,1,0.5,0,24,66,37,17.14,4.8,12.34,1.961,0.135,1.826,1.22,0.84,19.95,0,0,79.01,0
608,南投縣,2017/01/01,埔里,1.7,0.56,0,29.1,61,40,18.34,3.19,15.16,0,0,0,1.25,1,19.34,0,0,74.58,0
609,南投縣,2017/01/01,竹山,2.5,0.39,0,31.4,68,43,14.08,1.24,12.87,0,0,0,1.09,0.78,19.53,0,0,81.49,0
610,雲林縣,2017/01/10,斗六,3.7,0.57,0,30.5,70,46,25.37,4.84,20.53,0,0,0,1.6,0.94,19.89,0,0,71.74,0
611,雲林縣,2017/01/10,崙背,4.2,0.53,0,33.4,69,45,18.15,2.01,16.15,0,0,0,3.69,1.05,19.03,0,0,71.52,0
612,雲林縣,2017/01/10,麥寮,2.6,0.5,0,36.7,99,43,15.46,2.21,13.24,2.078,0.088,1.99,4.87,2.02,19.84,0,0,74.8,0
613,雲林縣,2017/01/10,臺西,3,0.42,0,44,65,43,9.29,0.91,8.37,1.982,0.059,1.923,7.88,7.32,19.02,0,0,74.96,0
614,雲林縣,2017/01/09,斗六,2.7,0.58,0,23.4,51,29,21.61,2.07,19.56,0,0,0,1.88,0.91,20.75,0,0,74.15,0
615,雲林縣,2017/01/09,崙背,4.8,0.62,0,24.3,59,29,19.69,1.98,17.7,0,0,0,3.45,0.67,19.65,0,0,76.46,0
616,雲林縣,2017/01/09,麥寮,3.1,0.52,0,32.6,124,33,13.73,1.27,12.43,2.092,0.098,1.994,5.54,2.25,20.36,0,0,77.4,0
617,雲林縣,2017/01/09,臺西,3,0.48,0,39.7,52,32,10.83,1.54,9.29,2.009,0.073,1.936,9.13,8.38,19.66,0,0,78.08,0
618,雲林縣,2017/01/08,斗六,3.9,0.51,0,22.8,58,33,20.88,2.36,18.54,0,0,0,1.73,0.93,23.06,0,0,75.55,0
619,雲林縣,2017/01/08,崙背,4.5,0.57,0,19,68,41,22.76,5.58,17.18,0,0,0,2.8,1.28,22.17,0,0,85.88,0
620,雲林縣,2017/01/08,麥寮,4.3,0.52,0,23,104,48,17.94,4.17,13.77,2.532,0.138,2.394,3.19,1.17,21.62,0,0,84.58,0
621,雲林縣,2017/01/08,臺西,3.7,0.49,0,26.5,68,45,16.86,3.3,13.56,2.293,0.122,2.17,4.86,4.5,21.42,0,0,82.81,0
622,雲林縣,2017/01/07,斗六,3.6,0.52,0,24,98,68,23.05,2.82,20.23,0,0,0,1.48,0.93,22.56,0,0,81.38,0
623,雲林縣,2017/01/07,崙背,2.5,0.37,0,29.8,75,42,12.57,1.91,10.66,0,0,0,1.89,1.19,21.68,0,0,92.03,0
624,雲林縣,2017/01/07,麥寮,1,0.35,0,32.5,93,51,13.25,1.91,11.34,2.202,0.08,2.122,1.89,0.88,21.6,0,0,86.78,0
625,雲林縣,2017/01/07,臺西,5,0.34,0,36.8,80,54,13.34,2.77,10.57,2.035,0.084,1.951,2.89,2.59,21.12,0,0,83.79,0
626,雲林縣,2017/01/06,斗六,2.9,0.44,0,24.5,89,64,24.66,4.87,19.79,0,0,0,1.57,0.88,21.23,0,0,83.57,0
627,雲林縣,2017/01/06,崙背,2.8,0.35,0,29.9,96,56,14.62,2.22,12.4,0,0,0,2.47,1.2,20.94,0,0,93.21,0
628,雲林縣,2017/01/06,麥寮,1.5,0.31,0,35.9,92,56,10.38,1.67,8.71,2.127,0.063,2.064,2.56,0.95,21.27,0,0,86.07,0
629,雲林縣,2017/01/06,臺西,3.3,0.29,0,39,73,56,11.19,1.62,9.58,1.972,0.062,1.911,4.08,3.3,20.96,0,0,82.53,0
630,雲林縣,2017/01/05,斗六,3.4,0.4,0,28,84,46,18.42,3.36,15.06,0,0,0,1.35,0.77,22.29,0,0,80.01,0
631,雲林縣,2017/01/05,崙背,2.3,0.31,0,33.8,91,58,13.14,2.19,10.95,0,0,0,1.79,1.07,21.62,0,0,89.77,0
632,雲林縣,2017/01/05,麥寮,2.7,0.33,0,32.4,101,55,14.53,2.02,12.51,2.168,0.116,2.051,1.69,1.08,21.47,0,0,85.33,0
633,雲林縣,2017/01/05,臺西,2.2,0.26,0,34.2,70,44,11.9,2.77,9.14,2.021,0.056,1.965,2.73,2.49,20.61,0,0,83.05,0
634,雲林縣,2017/01/04,斗六,3.4,0.46,0,23.3,67,36,23.46,6.13,17.33,0,0,0,1.19,0.69,22.03,0,0,81.02,0
635,雲林縣,2017/01/04,崙背,2.8,0.34,0,30,63,37,13.49,2.47,11.02,0,0,0,1.97,1.17,21.65,0,0,92.35,0
636,雲林縣,2017/01/04,麥寮,1.6,0.26,0,39.6,80,36,10.21,1.73,8.48,2.021,0.039,1.982,2.64,0.9,21.65,0,0,86.48,0
637,雲林縣,2017/01/04,臺西,2.4,0.23,0,46.3,59,35,7.69,0.95,6.72,1.88,0.024,1.856,4.52,3.88,21.27,0,0,83.9,0
638,雲林縣,2017/01/03,斗六,3.5,0.47,0,24,81,49,24.89,5.42,19.47,0,0,0,1.42,0.78,21.73,0,0,81.21,0
639,雲林縣,2017/01/03,崙背,3.4,0.38,0,22.2,0,36,17.09,3.19,13.91,0,0,0,2.3,1.01,0,0,0,89.35,0
640,雲林縣,2017/01/03,麥寮,3.2,0.28,0,31.2,99,39,12.22,2.33,9.88,2.063,0.061,2.002,3.57,1.28,21.38,0,0,85.91,0
641,雲林縣,2017/01/03,臺西,2.4,0.27,0,36.4,58,37,11.66,2.28,9.37,1.974,0.057,1.917,5.98,5.19,20.83,0,0,83.75,0
642,雲林縣,2017/01/02,斗六,3.1,0.44,0,27.2,82,49,16.78,2.72,14.07,0,0,0,1.56,0.85,21.55,0,0,81.35,0
643,雲林縣,2017/01/02,崙背,2.7,0.31,0,26.7,173,42,12.65,2.12,10.53,0,0,0,1.96,1.05,14.03,0,0,89.25,0
644,雲林縣,2017/01/02,麥寮,3.2,0.23,0,32.2,85,42,10.38,2.49,7.89,2.064,0.046,2.018,2.53,0.87,21.45,0,0,86.05,0
645,雲林縣,2017/01/02,臺西,2.9,0.21,0,36.8,62,38,9.85,2.26,7.59,1.938,0.036,1.902,4.12,3.42,21.1,0,0,83.02,0
646,雲林縣,2017/01/01,斗六,4.1,0.54,0,33.5,73,41,23.01,6.12,16.89,0,0,0,1.29,0.6,22.33,0,0,78.32,0
647,雲林縣,2017/01/01,崙背,2.9,0.36,0,25.4,80,33,18.68,6.03,12.64,0,0,0,1.63,1.11,19.01,0,0,91.01,0
648,雲林縣,2017/01/01,麥寮,2.5,0.28,0,29.3,73,34,12.72,3.95,8.77,2.275,0.076,2.199,2.24,0.65,20.49,0,0,87.02,0
649,雲林縣,2017/01/01,臺西,2.8,0.26,0,33.5,46,31,12.01,2.99,9.01,2.078,0.073,2.005,3.69,3.21,19.81,0,0,83.41,0
650,嘉義縣,2017/01/10,朴子,3.4,0.49,0,37.2,91,36,14.18,1.65,12.53,0,0,0,2.34,1.09,19.9,0,0,72.55,0
651,嘉義縣,2017/01/10,新港,3.8,0.53,0,32.6,79,40,15.79,1.93,13.86,0,0,0,2.79,1.07,18.22,0,0,70.88,0
652,嘉義縣,2017/01/09,朴子,4.3,0.59,0,28.6,91,23,17.13,1.66,15.44,0,0,0,2.53,1.04,20.43,0,0,76.97,0
653,嘉義縣,2017/01/09,新港,4,0.57,0,26.6,69,28,17.18,2.04,15.15,0,0,0,3.02,1.17,18.92,0,0,73.99,0
654,嘉義縣,2017/01/08,朴子,3.3,0.48,0,24.8,87,34,17.8,3.8,14,0,0,0,2.13,1.08,22.44,0,0,81.4,0
655,嘉義縣,2017/01/08,新港,4.4,0.56,0,19.8,86,38,21.69,5.6,16.08,0,0,0,2.36,1.35,21.19,0,0,77.45,0
656,嘉義縣,2017/01/07,朴子,3.7,0.4,0,32.3,99,43,13.4,1.21,12.16,0,0,0,1.52,0.97,22.2,0,0,87.14,0
657,嘉義縣,2017/01/07,新港,2.8,0.43,0,27.6,103,47,15.6,2.46,13.14,0,0,0,1.75,1.07,20.75,0,0,83.74,0
658,嘉義縣,2017/01/06,朴子,2.4,0.32,0,33.6,96,46,11.06,1.25,9.78,0,0,0,1.84,0.96,21.26,0,0,87.4,0
659,嘉義縣,2017/01/06,新港,2.2,0.41,0,26.7,109,54,15.4,2.71,12.69,0,0,0,2.07,1.08,19.63,0,0,85.4,0
660,嘉義縣,2017/01/05,朴子,1.8,0.3,0,34.8,73,31,11.04,2.52,8.53,0,0,0,1.59,1.06,21.64,0,0,87.16,0
661,嘉義縣,2017/01/05,新港,3,0.36,0,28.3,96,41,17.41,4.79,12.62,0,0,0,1.76,1.11,20.28,0,0,83.47,0
662,嘉義縣,2017/01/04,朴子,3.1,0.33,0,34,75,34,14.5,2.58,11.93,0,0,0,1.54,0.95,21.9,0,0,86.68,0
663,嘉義縣,2017/01/04,新港,1.8,0.39,0,31.3,81,37,15.44,4.27,11.17,0,0,0,1.94,1.23,20.31,0,0,83.9,0
664,嘉義縣,2017/01/03,朴子,2.5,0.34,0,30.1,104,40,13.24,1.64,11.59,0,0,0,1.72,0.95,21.56,0,0,87.7,0
665,嘉義縣,2017/01/03,新港,2.2,0.4,0,26,103,40,15.93,2.83,13.1,0,0,0,1.83,1.2,20.06,0,0,84.55,0
666,嘉義縣,2017/01/02,朴子,2.2,0.27,0,31.4,81,33,11.45,1.57,9.88,0,0,0,1.7,0.98,21.31,0,0,87.98,0
667,嘉義縣,2017/01/02,新港,2.9,0.35,0,26.4,86,42,13.19,1.61,11.57,0,0,0,1.94,1.07,19.82,0,0,84.93,0
668,嘉義縣,2017/01/01,朴子,2.4,0.34,0,31.1,67,26,15.84,4.04,11.81,0,0,0,1.4,0.86,20.57,0,0,89.15,0
669,嘉義縣,2017/01/01,新港,1.7,0.43,0,27.4,65,33,20.79,9.05,11.74,0,0,0,1.49,1.08,18.84,0,0,87.23,0
670,屏東縣,2017/01/10,屏東,4.3,0.72,0,32.8,95,51,25.57,2.8,22.77,2.362,0.198,2.164,1.29,0.93,22.08,0,0,70.19,0
671,屏東縣,2017/01/10,潮州,3.5,0.62,0,42.6,97,50,15.77,1.64,14.13,0,0,0,1.35,1.04,21.54,0,0,80.16,0
672,屏東縣,2017/01/10,恆春,1.3,0.34,431.15,50.9,35,14,2.48,0.59,1.83,0,0,0,9.86,9.6,21.77,0,0,78.62,0
673,屏東縣,2017/01/09,屏東,4.1,0.65,0,40.1,89,49,23.43,2.78,20.66,2.273,0.19,2.083,1.37,1.02,23.26,0,0,70.29,0
674,屏東縣,2017/01/09,潮州,3.1,0.46,0,41.1,73,38,13.99,1.72,12.27,0,0,0,1.4,1.23,22.82,0,0,81.41,0
675,屏東縣,2017/01/09,恆春,1.1,0.38,434.15,47,30,11,2.87,1.32,1.54,0,0,0,9.35,9.02,22.36,0,0,81.06,0
676,屏東縣,2017/01/08,屏東,2.7,0.46,0,33.9,63,33,17.17,2.01,15.17,2.165,0.116,2.049,1.47,0.84,24.76,0,0,66.56,0
677,屏東縣,2017/01/08,潮州,0,0,0,0,0,0,0,0,0,0,0,0,0,0,0,0,0,0,0
678,屏東縣,2017/01/08,恆春,1.2,0.2,420.56,44.4,30,11,3.13,0.63,2.47,0,0,0,3.93,3.6,23.95,0,0,82.07,0
679,屏東縣,2017/01/07,屏東,2,0.47,0,30.6,76,51,20.74,3.39,17.36,2.181,0.147,2.033,1.41,0.79,23.46,0,0,69.82,0
680,屏東縣,2017/01/07,潮州,3,0.41,0,31,93,46,17.83,2.51,15.32,0,0,0,1.15,0.9,23.11,0,0,76.8,0
681,屏東縣,2017/01/07,恆春,0.8,0.12,414.3,40.3,20,5,2.29,0.81,1.49,0,0,0,3,2.99,23.54,0,0,82.72,0
682,屏東縣,2017/01/06,屏東,2.9,0.53,0,30,72,53,23.24,2.5,20.74,2.218,0.173,2.045,1.25,0.89,23.02,0,0,71.68,0
683,屏東縣,2017/01/06,潮州,3.6,0.42,0,32.7,78,41,19.87,3.33,16.54,0,0,0,1.26,0.93,23.35,0,0,76.32,0
684,屏東縣,2017/01/06,恆春,0.8,0.11,411.31,40.9,23,7,2.44,1.13,1.31,0,0,0,3.39,3.23,23.58,0,0,83.18,0
685,屏東縣,2017/01/05,屏東,1.1,0.48,0,28.6,75,38,18.94,2.67,16.27,2.207,0.139,2.068,1.32,0.8,22.67,0,0,73.45,0
686,屏東縣,2017/01/05,潮州,2.9,0.35,0,34.3,72,34,13.17,1.4,11.76,0,0,0,1.1,0.79,22.14,0,0,78.93,0
687,屏東縣,2017/01/05,恆春,1.3,0.1,413.78,42.9,21,9,2.08,1.12,0.97,0,0,0,3.81,3.65,23.8,0,0,80,0
688,屏東縣,2017/01/04,屏東,2.7,0.54,0,35.2,96,51,21.74,1.99,19.75,2.277,0.184,2.093,1.21,0.8,22.72,0,0,72.9,0
689,屏東縣,2017/01/04,潮州,3.4,0.4,0,37.2,82,43,15.33,1.12,14.21,0,0,0,1.24,1.01,21.64,0,0,80.67,0
690,屏東縣,2017/01/04,恆春,1.8,0.06,419.53,41.7,21,12,2.29,0.96,1.33,0,0,0,5.38,4.96,23.19,0,0,81.55,0
691,屏東縣,2017/01/03,屏東,2.7,0.6,0,34.7,85,57,23.72,2.47,21.25,2.261,0.183,2.078,1.14,0.83,22.29,0,0,74.52,0
692,屏東縣,2017/01/03,潮州,4.4,0.48,0,36.8,98,49,18.73,1.44,17.28,0,0,0,1.21,0.95,21.67,0,0,82.57,0
693,屏東縣,2017/01/03,恆春,0.8,0.09,417.16,42.9,24,11,2.37,1.05,1.32,0,0,0,5.14,4.77,23.69,0,0,77.72,0
694,屏東縣,2017/01/02,屏東,1.9,0.51,0,34.4,91,58,19.39,2.66,16.73,2.224,0.128,2.096,1.35,0.89,22.23,0,0,75.7,0
695,屏東縣,2017/01/02,潮州,2.7,0.46,0,33.2,91,43,14.94,1.7,13.25,0,0,0,1.29,0.92,21.65,0,0,81.48,0
696,屏東縣,2017/01/02,恆春,1.8,0.08,415.51,44.4,24,11,2.37,0.73,1.63,0,0,0,5.32,5.17,23.3,0,0,75.59,0
697,屏東縣,2017/01/01,屏東,2.9,0.61,0,41.4,90,59,19.51,2.18,17.34,2.218,0.148,2.071,1.37,0.93,22.14,0,0,73.74,0
698,屏東縣,2017/01/01,潮州,4.1,0.51,0,43.3,89,48,15.88,1.42,14.46,0,0,0,1.33,1.2,21.53,0,0,82.94,0
699,屏東縣,2017/01/01,恆春,1.1,0.11,412.89,45.9,23,13,2.33,0.75,1.57,0,0,0,8.42,8.41,22.6,0,0,77.43,0
700,臺東縣,2017/01/10,臺東,1.7,0.52,0,32.2,38,18,8.29,1.91,6.38,0,0,0,2.43,1.51,20.95,0,0,66.22,0
701,臺東縣,2017/01/10,關山,1.7,0,0,28,35,15,7.54,1.18,6.35,0,0,0,1.47,0.77,18.07,0,0,80.25,0
702,臺東縣,2017/01/09,臺東,1.2,0.55,0,29.3,29,11,7.98,2.14,5.84,0,0,0,2.51,1.53,21.64,0,0,69.66,0
703,臺東縣,2017/01/09,關山,1.4,0,0,31.7,26,10,6.74,1.2,5.54,0,0,0,2.12,1.51,18.43,0,0,83.78,0
704,臺東縣,2017/01/08,臺東,1.1,0.3,0,23.5,22,9,6.07,1.63,4.44,0,0,0,2.35,1.64,23.35,0,0,71.85,0
705,臺東縣,2017/01/08,關山,1.2,0,0,21.2,22,7,6.45,1.49,4.94,0,0,0,1.82,1.04,21.15,0,0,78.99,0
706,臺東縣,2017/01/07,臺東,1,0.35,0,19.2,24,8,9.5,2.05,7.45,0,0,0,1.46,1.13,23.77,0,0,70.17,0
707,臺東縣,2017/01/07,關山,1.3,0,0,16.7,23,6,6.87,2.03,4.84,0,0,0,1.16,0.89,21.03,0,0,80.08,0
708,臺東縣,2017/01/06,臺東,1,0.36,0,20,22,8,9.34,2.27,7.07,0,0,0,1.41,1.07,24.26,0,0,70.85,0
709,臺東縣,2017/01/06,關山,1.5,0,0,20.3,19,5,6.32,2.13,4.19,0,0,0,1.37,1.1,22.5,0,0,78.09,0
710,臺東縣,2017/01/05,臺東,1.2,0.32,0,21.9,19,7,8.21,1.88,6.34,0,0,0,1.3,1.02,24.01,0,0,70.62,0
711,臺東縣,2017/01/05,關山,1.1,0,0,18.8,16,5,6.95,2.69,4.28,0,0,0,1.24,0.99,22.02,0,0,77.56,0
712,臺東縣,2017/01/04,臺東,0.9,0.3,0,22.1,25,7,7.88,1.95,5.92,0,0,0,1.64,1.17,23.29,0,0,72.12,0
713,臺東縣,2017/01/04,關山,0.7,0,0,17.7,15,6,5.36,0.65,4.8,0,0,0,0.96,0.62,21.41,0,0,78.17,0
714,臺東縣,2017/01/03,臺東,1.1,0.27,0,23.9,30,6,7.29,1.93,5.36,0,0,0,1.95,1.28,23.61,0,0,69.66,0
715,臺東縣,2017/01/03,關山,1.1,0,0,20.1,17,6,5.8,1.98,3.82,0,0,0,1.02,0.61,21.78,0,0,78.17,0
716,臺東縣,2017/01/02,臺東,0.7,0.23,0,27,29,4,6.27,1.97,4.31,0,0,0,2.15,1.6,23.44,0,0,66.68,0
717,臺東縣,2017/01/02,關山,1.1,0,0,24.2,14,4,4.43,1.86,2.56,0,0,0,1.01,0.69,21.66,0,0,74.21,0
718,臺東縣,2017/01/01,臺東,1,0.28,0,27.7,27,6,6.51,1.67,4.83,0,0,0,2.59,1.61,21.85,0,0,74.13,0
719,臺東縣,2017/01/01,關山,1.6,0,0,23.4,16,7,5.04,1.84,3.19,0,0,0,1.16,0.66,19.73,0,0,80.02,0
720,花蓮縣,2017/01/10,花蓮,1.8,0.58,0,29.5,47,22,15.35,2.24,13.11,0,0,0,1.67,1.25,19.41,0,0,74.18,0
721,花蓮縣,2017/01/09,花蓮,1.4,0.5,0,37.6,33,14,8.79,1.47,7.32,0,0,0,3.11,2.64,19.61,0,0,73,0
722,花蓮縣,2017/01/08,花蓮,1.3,0.37,0,27.5,26,9,7.81,1.76,6.05,0,0,0,2.77,2.35,21.35,0,0,80.87,0
723,花蓮縣,2017/01/07,花蓮,0.8,0.28,0,20.1,29,10,8.37,2.03,6.34,0,0,0,2.36,2.06,23.3,0,0,74.97,0
724,花蓮縣,2017/01/06,花蓮,1.5,0.29,0,28.1,31,13,8.41,1.52,6.89,0,0,0,1.76,1.58,23.12,0,0,0,0
725,花蓮縣,2017/01/05,花蓮,1.5,0.25,0,23.5,26,7,7.33,1.32,6,0,0,0,2.24,2.07,23.48,0,0,40.34,0
726,花蓮縣,2017/01/04,花蓮,1.4,0.31,0,18.2,24,11,11.92,3.96,7.96,0,0,0,1.62,1.43,22.04,0,0,59.42,0
727,花蓮縣,2017/01/03,花蓮,1.4,0.31,0,24.5,25,10,11.99,3.01,8.97,0,0,0,1.86,1.71,21.77,0.75,3.64,64.6,136.71
728,花蓮縣,2017/01/02,花蓮,1.5,0.18,0,32.6,19,9,6.42,1.74,4.68,0,0,0,2.57,2.39,22.32,3.5,4.15,20.25,62.02
729,花蓮縣,2017/01/01,花蓮,1.5,0.23,0,32.6,18,11,7.87,1.55,6.33,0,0,0,2.38,2,20.88,0,0,61.94,0
730,澎湖縣,2017/01/10,馬公,2.8,0.45,0,45.6,60,34,3.7,0.91,2.79,0,0,0,6.07,3.86,17.54,0,0,78.07,0
731,澎湖縣,2017/01/09,馬公,1.7,0.48,0,44.1,44,23,5.58,1.36,4.23,0,0,0,6.68,4.23,18.08,0,0,79.12,0
732,澎湖縣,2017/01/08,馬公,2.2,0.34,0,36.1,34,22,6.42,1.1,5.32,0,0,0,3.34,1.94,20.2,0,0,85.63,0
733,澎湖縣,2017/01/07,馬公,1.3,0.27,0,38.1,32,17,5.67,1.2,4.47,0,0,0,2.33,1.15,20.2,0,0,85.36,0
734,澎湖縣,2017/01/06,馬公,1.1,0.26,0,38.2,34,21,4.27,1.17,3.09,0,0,0,2.93,1.3,19.71,0,0,86.69,0
735,澎湖縣,2017/01/05,馬公,1.7,0.25,0,39.5,47,24,4.33,0.78,3.53,0,0,0,2.21,1.11,19.69,0,0,87.2,0
736,澎湖縣,2017/01/04,馬公,1.8,0.28,0,41.2,61,27,5.29,1,4.28,0,0,0,3.43,1.58,19.67,0,0,87.68,0
737,澎湖縣,2017/01/03,馬公,2.1,0.22,0,37.5,51,20,3.64,0.72,2.89,0,0,0,5.42,3.26,19.99,0,0,86.57,0
738,澎湖縣,2017/01/02,馬公,1.5,0.16,0,35.5,39,15,3.75,0.7,3.02,0,0,0,3.16,1.52,20.2,0,0,86.15,0
739,澎湖縣,2017/01/01,馬公,2.3,0.18,0,36.7,76,50,6.01,2.68,3.34,0,0,0,4.25,2.23,20.25,0,0,86.67,0
740,金門縣,2017/01/10,金門,0,0,0,0,0,0,0,0,0,0,0,0,0,0,0,0,0,0,0
741,金門縣,2017/01/09,金門,3.3,0.56,0,42.5,60,31,11.22,1.67,9.55,0,0,0,3.75,3.32,16.36,0,0,68.78,0
742,金門縣,2017/01/08,金門,4.7,0.6,0,28.3,68,40,23.21,6.52,16.69,0,0,0,2.37,1.99,18.41,0,0,78.87,0
743,金門縣,2017/01/07,金門,8.7,0.52,0,20.6,90,51,29.8,5.17,24.63,0,0,0,1.18,0.99,18.36,0,0,80.54,0
744,金門縣,2017/01/06,金門,4.3,0.44,0,23,92,54,20.37,2.23,18.13,0,0,0,1.82,1.36,17.77,0,0,83.27,0
745,金門縣,2017/01/05,金門,7.1,0.53,0,25,124,66,46.49,16.07,30.42,0,0,0,1.35,1.18,19.07,0,0,78.79,0
746,金門縣,2017/01/04,金門,6.7,0.47,0,29.1,109,55,29.23,4.73,24.5,0,0,0,1.38,0.96,17.94,0,0,73.74,0
747,金門縣,2017/01/03,金門,5.7,0.38,0,38.6,81,43,15.74,1.75,13.99,0,0,0,2.64,2.29,18.76,0,0,71.65,0
748,金門縣,2017/01/02,金門,6,0.39,0,27.2,80,42,23.96,3.22,20.74,0,0,0,1.67,1.44,18.57,0,0,78.41,0
749,金門縣,2017/01/01,金門,3.7,0.3,0,33.6,63,24,15.29,1.63,13.66,0,0,0,2.56,1.94,19.71,0,0,69.77,0
750,連江縣,2017/01/10,馬祖,3.7,0.63,0,46.1,90,56,7.41,0.57,6.77,0,0,0,4.36,3.65,12.87,0,0,79.73,0
751,連江縣,2017/01/09,馬祖,2.5,0.54,0,42.3,53,30,6.92,0.73,6.14,0,0,0,4.96,4.31,14.09,0,0,78.93,0
752,連江縣,2017/01/08,馬祖,2.9,0.46,0,27.3,38,18,7.38,1.18,6.26,0,0,0,2.67,1.98,16.67,0,0,91.48,0
753,連江縣,2017/01/07,馬祖,3.8,0.36,0,30.1,36,18,4.96,0.58,4.46,0,0,0,2.05,1.16,17.18,0,0,92.43,0
754,連江縣,2017/01/06,馬祖,2.3,0.3,0,38.7,40,19,7.56,1.14,6.43,0,0,0,3.41,2.66,16.66,0,0,92.81,0
755,連江縣,2017/01/05,馬祖,3.6,0.33,0,38.2,55,32,12.61,1.55,11.03,0,0,0,2.56,1.33,17.42,0,0,86.18,0
756,連江縣,2017/01/04,馬祖,2.4,0.35,0,48.3,65,41,10.17,1.17,8.97,0,0,0,3.17,1.79,16.48,0,0,86.84,0
757,連江縣,2017/01/03,馬祖,3.3,0.43,0,60.3,88,51,10.69,0.85,9.83,0,0,0,3.88,3.08,15.93,0,0,84.47,0
758,連江縣,2017/01/02,馬祖,2.8,0.39,0,34.9,54,27,12.14,1.66,10.44,0,0,0,2.83,1.77,17.26,0,0,86.24,0
759,連江縣,2017/01/01,馬祖,2.9,0.21,0,39.3,41,15,6.94,1.06,5.85,0,0,0,3.69,1.98,16.48,0,0,83.98,0
,,,,,,,,,,,,,,,,,,,,,,
